day,spend_inr,is_spike
1,544.89,0
2,362.47,0
3,399.59,0
4,888.73,0
5,434.0,0
6,875.78,0
7,291.35,0
8,660.44,0
9,786.04,0
10,469.96,0
11,627.86,0
12,1174.23,0
13,352.85,0
14,546.77,0
15,310.82,0
16,211.98,0
17,631.64,0
18,464.01,0
19,502.45,0
20,343.41,0
21,467.1,0
22,227.26,0
23,618.93,0
24,638.8,0
25,345.92,0
26,220.31,0
27,581.84,0
28,934.2,0
29,1041.3,0
30,644.99,0
31,473.12,0
32,413.83,0
33,228.89,0
34,435.44,0
35,462.44,0
36,212.52,0
37,486.24,0
38,434.66,0
39,294.83,0
40,9682.86,1
41,141.42,0
42,344.85,0
43,347.54,0
44,299.4,0
45,594.47,0
46,153.86,0
47,731.43,0
48,519.22,0
49,568.48,0
50,441.94,0
51,326.19,0
52,423.95,0
53,474.7,0
54,352.75,0
55,401.31,0
56,323.88,0
57,611.2,0
58,169.29,0
59,279.87,0
60,470.41,0
61,361.11,0
62,444.26,0
63,408.28,0
64,461.56,0
65,609.35,0
66,272.63,0
67,301.49,0
68,283.47,0
69,175.45,0
70,265.6,0
71,396.88,0
72,358.88,0
73,213.68,0
74,495.48,0
75,570.33,0
76,398.26,0
77,212.36,0
78,622.08,0
79,231.24,0
80,444.35,0
81,328.47,0
82,334.83,0
83,247.68,0
84,321.28,0
85,299.04,0
86,407.97,0
87,502.72,0
88,414.71,0
89,784.85,0
90,285.21,0
91,385.48,0
92,412.07,0
93,389.81,0
94,476.81,0
95,738.73,0
96,468.87,0
97,461.26,0
98,270.19,0
99,847.31,0
100,420.22,0
101,211.97,0
102,435.61,0
103,243.82,0
104,196.18,0
105,1354.43,0
106,437.67,0
107,344.71,0
108,437.88,0
109,439.36,0
110,226.33,0
111,307.77,0
112,326.79,0
113,449.33,0
114,554.37,0
115,464.56,0
116,818.9,0
117,202.67,0
118,271.09,0
119,315.55,0
120,414.0,0
121,527.48,0
122,294.06,0
123,498.35,0
124,148.67,0
125,444.72,0
126,426.9,0
127,301.1,0
128,380.22,0
129,427.75,0
130,855.52,0
131,440.82,0
132,586.42,0
133,293.79,0
134,350.8,0
135,359.08,0
136,226.6,0
137,601.96,0
138,303.87,0
139,496.06,0
140,553.06,0
141,482.31,0
142,208.32,0
143,1034.29,0
144,364.53,0
145,694.17,0
146,475.07,0
147,828.23,0
148,708.6,0
149,149.11,0
150,404.19,0
151,452.67,0
152,535.15,0
153,474.48,0
154,516.17,0
155,505.27,0
156,288.03,0
157,656.67,0
158,577.23,0
159,439.36,0
160,626.16,0
161,236.33,0
162,598.04,0
163,482.72,0
164,356.96,0
165,381.13,0
166,240.74,0
167,373.35,0
168,238.87,0
169,531.32,0
170,327.09,0
171,153.01,0
172,593.0,0
173,327.22,0
174,963.11,0
175,368.04,0
176,807.73,0
177,561.13,0
178,644.35,0
179,528.73,0
180,636.75,0
181,244.76,0
182,430.16,0
183,459.0,0
184,570.74,0
185,448.32,0
186,615.34,0
187,647.26,0
188,393.59,0
189,1314.95,0
190,368.43,0
191,275.99,0
192,648.24,0
193,377.43,0
194,734.63,0
195,601.93,0
196,662.85,0
197,449.56,0
198,788.13,0
199,674.75,0
200,316.61,0
201,249.61,0
202,360.16,0
203,516.78,0
204,611.33,0
205,354.08,0
206,436.98,0
207,223.39,0
208,562.01,0
209,314.92,0
210,618.6,0
211,429.05,0
212,555.28,0
213,398.36,0
214,272.37,0
215,438.11,0
216,593.76,0
217,368.29,0
218,456.16,0
219,204.56,0
220,347.77,0
221,301.64,0
222,458.82,0
223,589.51,0
224,262.64,0
225,367.88,0
226,520.87,0
227,193.15,0
228,432.16,0
229,477.25,0
230,570.99,0
231,337.04,0
232,271.45,0
233,340.37,0
234,626.05,0
235,294.14,0
236,453.19,0
237,207.58,0
238,195.47,0
239,324.05,0
240,609.03,0
241,461.28,0
242,864.55,0
243,345.72,0
244,293.97,0
245,374.98,0
246,484.33,0
247,647.8,0
248,214.85,0
249,785.9,0
250,352.2,0
251,242.07,0
252,483.6,0
253,212.82,0
254,465.99,0
255,439.27,0
256,340.06,0
257,218.77,0
258,415.56,0
259,465.9,0
260,404.36,0
261,305.7,0
262,488.91,0
263,457.79,0
264,409.35,0
265,514.24,0
266,493.25,0
267,799.7,0
268,419.49,0
269,369.43,0
270,417.24,0
271,1008.33,0
272,253.51,0
273,256.39,0
274,495.47,0
275,401.94,0
276,333.67,0
277,398.04,0
278,366.53,0
279,432.8,0
280,582.33,0
281,301.81,0
282,431.75,0
283,497.37,0
284,371.82,0
285,235.79,0
286,420.68,0
287,976.27,0
288,257.4,0
289,461.66,0
290,495.3,0
291,555.61,0
292,678.85,0
293,185.21,0
294,263.94,0
295,549.58,0
296,594.15,0
297,338.34,0
298,733.04,0
299,309.52,0
300,503.63,0
301,388.99,0
302,743.77,0
303,628.52,0
304,381.4,0
305,454.52,0
306,335.63,0
307,413.21,0
308,327.01,0
309,471.78,0
310,700.99,0
311,253.08,0
312,315.01,0
313,458.96,0
314,870.01,0
315,352.15,0
316,280.65,0
317,478.52,0
318,458.43,0
319,1201.92,0
320,700.31,0
321,235.0,0
322,380.07,0
323,377.74,0
324,551.17,0
325,459.3,0
326,521.36,0
327,404.21,0
328,463.98,0
329,248.3,0
330,364.76,0
331,502.39,0
332,246.17,0
333,594.04,0
334,397.16,0
335,562.93,0
336,293.94,0
337,193.85,0
338,343.29,0
339,495.22,0
340,478.22,0
341,326.7,0
342,351.01,0
343,337.75,0
344,406.1,0
345,310.25,0
346,346.52,0
347,246.39,0
348,339.63,0
349,260.7,0
350,242.97,0
351,454.73,0
352,538.9,0
353,532.75,0
354,573.5,0
355,639.54,0
356,634.27,0
357,198.93,0
358,265.85,0
359,1165.19,0
360,643.67,0
361,731.91,0
362,395.27,0
363,349.62,0
364,450.4,0
365,213.14,0
366,335.68,0
367,381.88,0
368,331.44,0
369,252.97,0
370,310.24,0
371,241.09,0
372,272.27,0
373,295.91,0
374,519.45,0
375,178.5,0
376,534.05,0
377,462.58,0
378,703.68,0
379,333.89,0
380,642.69,0
381,248.46,0
382,678.04,0
383,257.18,0
384,234.96,0
385,428.57,0
386,582.76,0
387,208.11,0
388,501.15,0
389,824.22,0
390,402.89,0
391,222.48,0
392,622.11,0
393,446.65,0
394,952.56,0
395,359.23,0
396,798.18,0
397,673.78,0
398,622.8,0
399,352.74,0
400,246.4,0
401,635.04,0
402,478.71,0
403,270.9,0
404,370.77,0
405,642.1,0
406,765.57,0
407,283.54,0
408,393.04,0
409,495.26,0
410,731.71,0
411,319.25,0
412,500.22,0
413,217.79,0
414,235.57,0
415,471.65,0
416,239.71,0
417,743.44,0
418,392.27,0
419,338.84,0
420,182.51,0
421,375.81,0
422,467.46,0
423,437.56,0
424,448.14,0
425,627.42,0
426,596.47,0
427,878.43,0
428,17126.8,1
429,719.78,0
430,363.92,0
431,411.08,0
432,349.08,0
433,412.49,0
434,432.63,0
435,286.51,0
436,414.79,0
437,638.98,0
438,521.44,0
439,295.04,0
440,366.9,0
441,410.41,0
442,452.92,0
443,695.55,0
444,383.12,0
445,364.36,0
446,1064.16,0
447,360.54,0
448,312.62,0
449,243.8,0
450,585.31,0
451,863.9,0
452,224.91,0
453,485.24,0
454,812.73,0
455,589.78,0
456,650.69,0
457,380.61,0
458,255.05,0
459,334.69,0
460,462.36,0
461,806.24,0
462,446.72,0
463,358.68,0
464,231.27,0
465,660.51,0
466,277.76,0
467,499.97,0
468,1208.05,0
469,211.25,0
470,530.79,0
471,497.76,0
472,359.55,0
473,536.59,0
474,241.73,0
475,466.3,0
476,453.28,0
477,346.27,0
478,265.54,0
479,596.0,0
480,236.91,0
481,456.53,0
482,418.82,0
483,587.07,0
484,780.12,0
485,217.38,0
486,353.4,0
487,694.14,0
488,449.94,0
489,390.24,0
490,1209.24,0
491,451.58,0
492,398.24,0
493,317.04,0
494,527.06,0
495,327.75,0
496,137.48,0
497,286.91,0
498,717.79,0
499,259.1,0
500,891.7,0
501,351.61,0
502,252.26,0
503,329.56,0
504,429.34,0
505,662.3,0
506,211.6,0
507,322.53,0
508,401.61,0
509,460.14,0
510,346.75,0
511,612.56,0
512,300.7,0
513,382.36,0
514,825.04,0
515,382.05,0
516,308.71,0
517,415.28,0
518,272.37,0
519,439.13,0
520,472.8,0
521,675.72,0
522,342.34,0
523,568.52,0
524,19128.24,1
525,243.13,0
526,520.25,0
527,287.7,0
528,394.61,0
529,314.33,0
530,714.07,0
531,278.8,0
532,915.61,0
533,606.75,0
534,441.37,0
535,327.51,0
536,208.37,0
537,629.16,0
538,410.74,0
539,407.58,0
540,276.35,0
541,398.79,0
542,279.01,0
543,374.19,0
544,393.08,0
545,353.1,0
546,519.84,0
547,779.32,0
548,504.68,0
549,536.45,0
550,299.24,0
551,263.46,0
552,248.9,0
553,315.31,0
554,478.68,0
555,270.15,0
556,459.57,0
557,536.79,0
558,152.12,0
559,1101.43,0
560,334.53,0
561,342.76,0
562,479.79,0
563,314.56,0
564,439.73,0
565,263.72,0
566,428.28,0
567,950.07,0
568,581.22,0
569,551.57,0
570,533.95,0
571,305.56,0
572,362.66,0
573,397.67,0
574,456.09,0
575,290.86,0
576,257.79,0
577,685.09,0
578,391.15,0
579,527.29,0
580,794.65,0
581,254.77,0
582,433.11,0
583,299.03,0
584,250.44,0
585,424.99,0
586,571.8,0
587,316.52,0
588,360.25,0
589,448.49,0
590,896.71,0
591,260.32,0
592,387.95,0
593,245.82,0
594,554.1,0
595,788.27,0
596,372.16,0
597,252.1,0
598,209.45,0
599,519.54,0
600,851.26,0
601,462.01,0
602,349.69,0
603,525.87,0
604,356.79,0
605,603.89,0
606,616.9,0
607,781.37,0
608,436.84,0
609,291.22,0
610,522.69,0
611,270.07,0
612,437.63,0
613,432.66,0
614,653.1,0
615,562.55,0
616,444.39,0
617,532.55,0
618,370.2,0
619,415.13,0
620,317.81,0
621,639.7,0
622,457.51,0
623,427.26,0
624,428.56,0
625,190.56,0
626,299.16,0
627,252.68,0
628,415.23,0
629,601.1,0
630,456.43,0
631,625.24,0
632,689.33,0
633,475.14,0
634,211.41,0
635,635.33,0
636,228.45,0
637,372.69,0
638,331.07,0
639,372.53,0
640,690.96,0
641,412.81,0
642,350.14,0
643,265.55,0
644,415.27,0
645,391.02,0
646,232.06,0
647,523.81,0
648,678.44,0
649,377.42,0
650,576.26,0
651,498.43,0
652,451.05,0
653,746.67,0
654,455.53,0
655,426.18,0
656,272.96,0
657,594.78,0
658,648.26,0
659,489.55,0
660,183.73,0
661,354.88,0
662,551.68,0
663,406.34,0
664,371.73,0
665,763.96,0
666,543.01,0
667,684.34,0
668,615.09,0
669,403.03,0
670,309.33,0
671,359.68,0
672,535.45,0
673,563.48,0
674,433.41,0
675,403.23,0
676,200.02,0
677,747.49,0
678,176.45,0
679,389.12,0
680,584.95,0
681,352.66,0
682,334.75,0
683,606.32,0
684,348.3,0
685,497.8,0
686,246.16,0
687,806.76,0
688,18827.66,1
689,306.4,0
690,569.67,0
691,457.94,0
692,439.55,0
693,499.37,0
694,213.68,0
695,559.38,0
696,580.94,0
697,289.12,0
698,284.3,0
699,566.35,0
700,341.02,0
701,226.38,0
702,423.9,0
703,419.55,0
704,504.33,0
705,933.03,0
706,253.14,0
707,672.18,0
708,9941.59,1
709,613.21,0
710,425.99,0
711,298.04,0
712,464.71,0
713,365.59,0
714,570.53,0
715,299.66,0
716,183.45,0
717,673.79,0
718,274.3,0
719,326.15,0
720,302.55,0
721,338.71,0
722,611.53,0
723,691.09,0
724,340.13,0
725,756.71,0
726,457.26,0
727,1256.05,0
728,153.15,0
729,434.56,0
730,570.74,0
731,401.12,0
732,320.7,0
733,311.77,0
734,470.82,0
735,321.84,0
736,209.55,0
737,716.93,0
738,405.03,0
739,628.24,0
740,638.2,0
741,426.43,0
742,365.99,0
743,616.1,0
744,714.99,0
745,330.31,0
746,338.54,0
747,423.83,0
748,444.05,0
749,230.88,0
750,626.25,0
751,466.37,0
752,675.5,0
753,596.11,0
754,6959.87,1
755,391.13,0
756,276.7,0
757,328.97,0
758,284.33,0
759,1385.5,0
760,291.63,0
761,111.52,0
762,380.25,0
763,391.35,0
764,856.17,0
765,400.43,0
766,338.37,0
767,201.33,0
768,534.21,0
769,234.56,0
770,191.64,0
771,322.51,0
772,403.49,0
773,251.73,0
774,620.54,0
775,199.61,0
776,161.27,0
777,642.26,0
778,297.46,0
779,313.14,0
780,343.11,0
781,381.36,0
782,579.47,0
783,427.07,0
784,399.01,0
785,295.72,0
786,583.65,0
787,375.0,0
788,355.69,0
789,624.17,0
790,504.91,0
791,236.41,0
792,344.48,0
793,528.32,0
794,402.73,0
795,781.06,0
796,397.98,0
797,720.05,0
798,133.92,0
799,299.72,0
800,268.77,0
801,252.28,0
802,513.97,0
803,553.73,0
804,645.01,0
805,392.73,0
806,319.02,0
807,655.24,0
808,434.79,0
809,799.08,0
810,692.36,0
811,423.5,0
812,249.42,0
813,705.58,0
814,570.78,0
815,443.67,0
816,361.26,0
817,317.45,0
818,321.65,0
819,218.58,0
820,454.82,0
821,277.52,0
822,431.69,0
823,556.72,0
824,347.15,0
825,505.03,0
826,362.34,0
827,750.43,0
828,631.45,0
829,498.53,0
830,371.77,0
831,312.66,0
832,622.7,0
833,1186.44,0
834,354.5,0
835,613.74,0
836,419.42,0
837,189.23,0
838,501.83,0
839,624.62,0
840,399.37,0
841,385.12,0
842,436.57,0
843,287.86,0
844,377.31,0
845,241.49,0
846,630.23,0
847,414.31,0
848,397.9,0
849,304.55,0
850,591.2,0
851,461.46,0
852,431.93,0
853,440.12,0
854,358.08,0
855,229.62,0
856,709.57,0
857,1008.78,0
858,401.52,0
859,12584.65,1
860,553.53,0
861,268.71,0
862,256.01,0
863,635.63,0
864,253.17,0
865,293.56,0
866,415.3,0
867,360.33,0
868,483.1,0
869,449.91,0
870,387.94,0
871,382.05,0
872,674.15,0
873,314.78,0
874,686.07,0
875,388.04,0
876,234.96,0
877,453.17,0
878,240.59,0
879,466.11,0
880,619.66,0
881,7540.91,1
882,259.4,0
883,481.26,0
884,573.86,0
885,458.25,0
886,383.41,0
887,243.45,0
888,334.15,0
889,326.12,0
890,591.77,0
891,289.46,0
892,258.56,0
893,148.49,0
894,410.56,0
895,325.04,0
896,261.29,0
897,358.65,0
898,608.86,0
899,367.4,0
900,390.48,0
901,331.62,0
902,759.67,0
903,604.58,0
904,404.85,0
905,461.66,0
906,333.6,0
907,263.96,0
908,556.22,0
909,219.9,0
910,268.81,0
911,450.81,0
912,734.08,0
913,287.58,0
914,418.83,0
915,337.52,0
916,401.34,0
917,636.89,0
918,298.06,0
919,402.34,0
920,487.74,0
921,162.58,0
922,341.02,0
923,524.04,0
924,287.71,0
925,330.86,0
926,625.01,0
927,305.14,0
928,380.76,0
929,246.89,0
930,469.32,0
931,812.56,0
932,469.89,0
933,427.66,0
934,248.77,0
935,324.21,0
936,238.8,0
937,367.45,0
938,384.67,0
939,458.03,0
940,580.43,0
941,703.03,0
942,368.33,0
943,680.51,0
944,194.77,0
945,699.02,0
946,540.88,0
947,241.44,0
948,395.41,0
949,523.28,0
950,386.31,0
951,1186.75,0
952,1376.22,0
953,592.07,0
954,474.09,0
955,508.12,0
956,384.93,0
957,657.71,0
958,1237.53,0
959,444.28,0
960,343.26,0
961,833.77,0
962,585.55,0
963,363.19,0
964,506.45,0
965,340.95,0
966,219.16,0
967,211.53,0
968,449.07,0
969,502.7,0
970,195.66,0
971,490.28,0
972,565.24,0
973,132.2,0
974,392.82,0
975,418.44,0
976,616.09,0
977,423.37,0
978,472.17,0
979,874.12,0
980,613.13,0
981,487.13,0
982,1223.95,0
983,291.16,0
984,619.09,0
985,1151.82,0
986,505.74,0
987,342.11,0
988,420.2,0
989,358.12,0
990,545.97,0
991,266.94,0
992,813.22,0
993,539.59,0
994,310.84,0
995,589.92,0
996,392.69,0
997,17561.1,1
998,262.27,0
999,370.56,0
1000,593.05,0
1001,313.29,0
1002,335.18,0
1003,621.99,0
1004,609.27,0
1005,295.84,0
1006,439.07,0
1007,390.17,0
1008,440.01,0
1009,277.01,0
1010,268.24,0
1011,611.59,0
1012,556.38,0
1013,269.38,0
1014,260.91,0
1015,651.6,0
1016,373.08,0
1017,589.65,0
1018,345.82,0
1019,275.04,0
1020,187.67,0
1021,407.89,0
1022,280.39,0
1023,229.52,0
1024,291.59,0
1025,414.8,0
1026,670.7,0
1027,574.13,0
1028,352.87,0
1029,169.35,0
1030,10536.22,1
1031,404.89,0
1032,226.74,0
1033,333.99,0
1034,660.04,0
1035,251.76,0
1036,545.47,0
1037,435.35,0
1038,562.44,0
1039,437.97,0
1040,638.11,0
1041,426.14,0
1042,497.37,0
1043,631.66,0
1044,207.43,0
1045,247.04,0
1046,1010.51,0
1047,767.52,0
1048,325.08,0
1049,294.96,0
1050,170.64,0
1051,596.48,0
1052,341.04,0
1053,587.59,0
1054,438.14,0
1055,382.1,0
1056,325.4,0
1057,276.58,0
1058,146.47,0
1059,274.1,0
1060,325.67,0
1061,282.48,0
1062,470.88,0
1063,733.77,0
1064,370.22,0
1065,422.28,0
1066,291.45,0
1067,702.78,0
1068,5762.96,1
1069,302.61,0
1070,343.49,0
1071,616.66,0
1072,385.42,0
1073,312.17,0
1074,450.37,0
1075,188.08,0
1076,661.64,0
1077,786.64,0
1078,349.17,0
1079,955.98,0
1080,497.33,0
1081,196.26,0
1082,5327.95,1
1083,218.69,0
1084,415.29,0
1085,935.59,0
1086,244.73,0
1087,654.18,0
1088,173.97,0
1089,648.6,0
1090,204.46,0
1091,204.7,0
1092,824.25,0
1093,615.15,0
1094,650.91,0
1095,643.4,0
1096,375.52,0
1097,468.51,0
1098,446.92,0
1099,412.39,0
1100,355.01,0
1101,754.39,0
1102,559.65,0
1103,412.01,0
1104,223.5,0
1105,393.13,0
1106,480.8,0
1107,269.43,0
1108,17235.65,1
1109,709.46,0
1110,497.41,0
1111,491.61,0
1112,777.27,0
1113,454.7,0
1114,336.2,0
1115,630.94,0
1116,176.1,0
1117,205.09,0
1118,455.45,0
1119,1405.12,0
1120,305.77,0
1121,1183.96,0
1122,376.06,0
1123,215.5,0
1124,304.12,0
1125,437.46,0
1126,313.52,0
1127,370.57,0
1128,279.04,0
1129,183.35,0
1130,475.2,0
1131,451.21,0
1132,397.24,0
1133,618.13,0
1134,343.15,0
1135,460.33,0
1136,1003.58,0
1137,349.93,0
1138,297.92,0
1139,276.58,0
1140,482.62,0
1141,485.46,0
1142,308.07,0
1143,450.27,0
1144,959.97,0
1145,279.54,0
1146,332.24,0
1147,381.38,0
1148,480.48,0
1149,527.86,0
1150,198.16,0
1151,495.26,0
1152,299.69,0
1153,510.72,0
1154,227.89,0
1155,394.72,0
1156,404.61,0
1157,332.57,0
1158,471.25,0
1159,603.25,0
1160,280.32,0
1161,389.97,0
1162,312.59,0
1163,777.12,0
1164,432.96,0
1165,505.29,0
1166,344.19,0
1167,340.21,0
1168,338.48,0
1169,449.0,0
1170,195.12,0
1171,222.87,0
1172,257.63,0
1173,250.07,0
1174,584.08,0
1175,353.7,0
1176,618.79,0
1177,302.89,0
1178,178.11,0
1179,465.13,0
1180,639.29,0
1181,298.51,0
1182,515.16,0
1183,518.8,0
1184,631.65,0
1185,516.52,0
1186,361.24,0
1187,234.51,0
1188,745.11,0
1189,684.15,0
1190,275.27,0
1191,491.37,0
1192,348.64,0
1193,388.96,0
1194,725.59,0
1195,674.23,0
1196,379.67,0
1197,336.97,0
1198,241.37,0
1199,19499.28,1
1200,345.33,0
1201,704.65,0
1202,344.63,0
1203,264.17,0
1204,629.86,0
1205,627.12,0
1206,174.74,0
1207,423.86,0
1208,606.8,0
1209,342.41,0
1210,293.63,0
1211,521.87,0
1212,224.13,0
1213,162.37,0
1214,585.49,0
1215,341.05,0
1216,341.98,0
1217,600.75,0
1218,462.03,0
1219,1118.44,0
1220,589.84,0
1221,390.63,0
1222,311.65,0
1223,535.6,0
1224,866.93,0
1225,675.58,0
1226,319.64,0
1227,258.0,0
1228,258.59,0
1229,388.62,0
1230,528.48,0
1231,317.59,0
1232,716.31,0
1233,258.83,0
1234,715.41,0
1235,392.27,0
1236,335.78,0
1237,1122.76,0
1238,496.4,0
1239,453.39,0
1240,470.38,0
1241,526.87,0
1242,540.5,0
1243,235.01,0
1244,398.09,0
1245,281.37,0
1246,532.56,0
1247,609.06,0
1248,557.07,0
1249,589.79,0
1250,814.11,0
1251,382.23,0
1252,565.18,0
1253,289.91,0
1254,163.37,0
1255,465.72,0
1256,310.42,0
1257,470.39,0
1258,367.37,0
1259,607.25,0
1260,466.69,0
1261,315.2,0
1262,197.1,0
1263,384.61,0
1264,524.47,0
1265,532.78,0
1266,221.24,0
1267,615.85,0
1268,542.36,0
1269,201.83,0
1270,500.5,0
1271,340.27,0
1272,112.75,0
1273,296.78,0
1274,201.94,0
1275,860.75,0
1276,645.98,0
1277,460.38,0
1278,630.91,0
1279,1024.24,0
1280,357.39,0
1281,183.31,0
1282,751.94,0
1283,170.7,0
1284,542.24,0
1285,192.56,0
1286,292.74,0
1287,363.98,0
1288,371.41,0
1289,470.63,0
1290,311.91,0
1291,364.58,0
1292,584.77,0
1293,320.51,0
1294,359.92,0
1295,650.71,0
1296,603.31,0
1297,311.75,0
1298,495.91,0
1299,426.88,0
1300,325.59,0
1301,855.45,0
1302,486.0,0
1303,405.28,0
1304,472.88,0
1305,389.71,0
1306,520.95,0
1307,602.54,0
1308,560.78,0
1309,1041.6,0
1310,666.19,0
1311,191.59,0
1312,498.63,0
1313,276.8,0
1314,521.94,0
1315,315.51,0
1316,645.62,0
1317,577.52,0
1318,618.91,0
1319,246.86,0
1320,541.69,0
1321,533.54,0
1322,514.92,0
1323,294.67,0
1324,893.63,0
1325,289.74,0
1326,832.21,0
1327,616.08,0
1328,486.67,0
1329,253.15,0
1330,157.04,0
1331,555.21,0
1332,391.86,0
1333,296.13,0
1334,108.3,0
1335,589.34,0
1336,657.07,0
1337,336.56,0
1338,264.0,0
1339,230.86,0
1340,395.14,0
1341,224.88,0
1342,686.94,0
1343,872.42,0
1344,318.42,0
1345,380.76,0
1346,785.04,0
1347,648.88,0
1348,613.42,0
1349,479.63,0
1350,501.43,0
1351,240.41,0
1352,532.95,0
1353,358.36,0
1354,328.29,0
1355,692.06,0
1356,471.3,0
1357,419.36,0
1358,499.52,0
1359,356.58,0
1360,206.54,0
1361,930.64,0
1362,420.54,0
1363,429.08,0
1364,375.82,0
1365,498.78,0
1366,725.46,0
1367,374.88,0
1368,276.78,0
1369,685.44,0
1370,613.78,0
1371,386.29,0
1372,682.89,0
1373,400.85,0
1374,584.63,0
1375,461.11,0
1376,7497.41,1
1377,345.96,0
1378,338.33,0
1379,319.72,0
1380,571.85,0
1381,635.35,0
1382,361.24,0
1383,382.42,0
1384,659.4,0
1385,279.38,0
1386,314.44,0
1387,304.01,0
1388,417.61,0
1389,797.19,0
1390,325.93,0
1391,629.95,0
1392,169.43,0
1393,501.3,0
1394,312.68,0
1395,401.62,0
1396,810.88,0
1397,278.27,0
1398,335.17,0
1399,277.34,0
1400,737.45,0
1401,176.58,0
1402,274.1,0
1403,125.5,0
1404,299.88,0
1405,558.82,0
1406,517.3,0
1407,315.91,0
1408,244.39,0
1409,249.58,0
1410,761.07,0
1411,307.14,0
1412,662.92,0
1413,549.47,0
1414,405.18,0
1415,232.02,0
1416,417.7,0
1417,480.43,0
1418,734.74,0
1419,465.45,0
1420,714.61,0
1421,340.33,0
1422,456.46,0
1423,242.68,0
1424,224.84,0
1425,392.51,0
1426,853.31,0
1427,498.41,0
1428,173.71,0
1429,518.21,0
1430,655.6,0
1431,299.61,0
1432,619.41,0
1433,461.93,0
1434,497.85,0
1435,459.19,0
1436,557.0,0
1437,992.48,0
1438,427.89,0
1439,641.09,0
1440,437.43,0
1441,508.7,0
1442,186.62,0
1443,399.45,0
1444,554.26,0
1445,606.91,0
1446,563.76,0
1447,490.63,0
1448,306.49,0
1449,382.4,0
1450,442.47,0
1451,355.58,0
1452,263.68,0
1453,343.65,0
1454,406.14,0
1455,333.13,0
1456,283.78,0
1457,1049.87,0
1458,873.87,0
1459,760.6,0
1460,344.95,0
1461,534.32,0
1462,434.6,0
1463,328.92,0
1464,356.82,0
1465,474.58,0
1466,164.08,0
1467,330.13,0
1468,225.57,0
1469,387.14,0
1470,301.21,0
1471,121.24,0
1472,359.27,0
1473,527.74,0
1474,202.23,0
1475,458.71,0
1476,467.3,0
1477,892.07,0
1478,243.97,0
1479,421.42,0
1480,438.06,0
1481,770.26,0
1482,180.47,0
1483,289.57,0
1484,660.02,0
1485,462.88,0
1486,519.11,0
1487,206.36,0
1488,575.77,0
1489,261.53,0
1490,373.91,0
1491,591.16,0
1492,620.84,0
1493,1019.57,0
1494,244.34,0
1495,216.53,0
1496,484.21,0
1497,356.52,0
1498,392.45,0
1499,413.88,0
1500,396.91,0
1501,251.15,0
1502,565.26,0
1503,370.44,0
1504,301.37,0
1505,165.78,0
1506,346.76,0
1507,537.92,0
1508,931.13,0
1509,604.39,0
1510,332.0,0
1511,1110.45,0
1512,405.22,0
1513,175.02,0
1514,277.09,0
1515,211.43,0
1516,421.38,0
1517,350.13,0
1518,581.1,0
1519,223.8,0
1520,362.97,0
1521,303.57,0
1522,231.49,0
1523,287.98,0
1524,629.59,0
1525,515.69,0
1526,597.32,0
1527,384.68,0
1528,375.76,0
1529,350.16,0
1530,352.69,0
1531,556.36,0
1532,543.82,0
1533,381.2,0
1534,255.11,0
1535,454.2,0
1536,361.98,0
1537,25718.09,1
1538,280.72,0
1539,422.86,0
1540,536.49,0
1541,477.11,0
1542,394.78,0
1543,293.88,0
1544,290.13,0
1545,319.5,0
1546,974.06,0
1547,434.87,0
1548,239.31,0
1549,425.47,0
1550,211.4,0
1551,435.7,0
1552,406.14,0
1553,173.09,0
1554,408.99,0
1555,372.45,0
1556,455.91,0
1557,647.59,0
1558,333.43,0
1559,273.68,0
1560,594.57,0
1561,287.47,0
1562,277.09,0
1563,757.6,0
1564,159.97,0
1565,479.4,0
1566,449.97,0
1567,524.91,0
1568,342.98,0
1569,292.91,0
1570,330.25,0
1571,130.36,0
1572,419.09,0
1573,597.78,0
1574,311.82,0
1575,324.74,0
1576,395.34,0
1577,1277.14,0
1578,722.25,0
1579,409.22,0
1580,638.55,0
1581,772.67,0
1582,579.75,0
1583,277.03,0
1584,329.13,0
1585,354.75,0
1586,360.91,0
1587,976.95,0
1588,498.27,0
1589,371.81,0
1590,599.18,0
1591,427.74,0
1592,43173.06,1
1593,189.81,0
1594,267.74,0
1595,516.09,0
1596,301.97,0
1597,595.27,0
1598,473.0,0
1599,290.4,0
1600,422.57,0
1601,223.27,0
1602,313.12,0
1603,790.45,0
1604,381.27,0
1605,540.35,0
1606,312.82,0
1607,320.32,0
1608,405.33,0
1609,192.42,0
1610,415.41,0
1611,1094.25,0
1612,500.73,0
1613,334.51,0
1614,310.73,0
1615,719.94,0
1616,303.45,0
1617,614.5,0
1618,490.93,0
1619,1067.35,0
1620,520.26,0
1621,249.78,0
1622,200.36,0
1623,686.51,0
1624,414.61,0
1625,276.89,0
1626,704.76,0
1627,550.18,0
1628,309.82,0
1629,567.77,0
1630,416.11,0
1631,441.02,0
1632,420.57,0
1633,366.95,0
1634,163.01,0
1635,225.18,0
1636,265.39,0
1637,414.28,0
1638,575.06,0
1639,617.0,0
1640,688.18,0
1641,230.3,0
1642,20368.35,1
1643,307.58,0
1644,563.19,0
1645,251.54,0
1646,158.78,0
1647,253.87,0
1648,213.36,0
1649,373.41,0
1650,385.22,0
1651,519.28,0
1652,504.03,0
1653,226.11,0
1654,354.42,0
1655,243.88,0
1656,834.49,0
1657,205.99,0
1658,185.14,0
1659,939.26,0
1660,411.01,0
1661,522.87,0
1662,239.92,0
1663,343.62,0
1664,358.86,0
1665,496.89,0
1666,197.56,0
1667,208.93,0
1668,256.82,0
1669,379.48,0
1670,587.22,0
1671,130.13,0
1672,227.97,0
1673,482.52,0
1674,631.62,0
1675,532.78,0
1676,586.72,0
1677,472.63,0
1678,6864.49,1
1679,676.59,0
1680,454.55,0
1681,750.31,0
1682,302.36,0
1683,374.27,0
1684,442.36,0
1685,267.63,0
1686,360.15,0
1687,376.8,0
1688,400.82,0
1689,581.37,0
1690,482.86,0
1691,584.94,0
1692,294.19,0
1693,439.31,0
1694,412.2,0
1695,303.66,0
1696,509.83,0
1697,178.49,0
1698,591.2,0
1699,418.33,0
1700,1090.88,0
1701,556.63,0
1702,503.03,0
1703,453.35,0
1704,368.3,0
1705,223.1,0
1706,625.17,0
1707,713.25,0
1708,230.45,0
1709,527.63,0
1710,471.47,0
1711,279.8,0
1712,617.53,0
1713,481.41,0
1714,350.39,0
1715,287.66,0
1716,334.59,0
1717,189.84,0
1718,337.72,0
1719,329.74,0
1720,182.51,0
1721,400.13,0
1722,704.89,0
1723,180.91,0
1724,287.87,0
1725,238.65,0
1726,908.71,0
1727,350.3,0
1728,870.66,0
1729,288.6,0
1730,641.49,0
1731,270.98,0
1732,433.58,0
1733,496.21,0
1734,474.52,0
1735,327.44,0
1736,510.95,0
1737,8827.7,1
1738,509.01,0
1739,384.1,0
1740,452.98,0
1741,8490.35,1
1742,289.99,0
1743,431.52,0
1744,137.64,0
1745,574.93,0
1746,388.99,0
1747,551.54,0
1748,551.23,0
1749,459.7,0
1750,350.24,0
1751,588.36,0
1752,614.68,0
1753,270.1,0
1754,466.56,0
1755,463.7,0
1756,639.63,0
1757,318.04,0
1758,355.58,0
1759,339.53,0
1760,154.82,0
1761,410.81,0
1762,153.49,0
1763,1124.31,0
1764,554.16,0
1765,473.15,0
1766,231.15,0
1767,201.63,0
1768,336.16,0
1769,666.17,0
1770,451.36,0
1771,314.02,0
1772,318.03,0
1773,612.01,0
1774,315.61,0
1775,309.06,0
1776,270.5,0
1777,462.82,0
1778,686.55,0
1779,570.52,0
1780,231.29,0
1781,243.93,0
1782,442.05,0
1783,326.5,0
1784,618.83,0
1785,434.11,0
1786,472.9,0
1787,510.94,0
1788,385.46,0
1789,537.06,0
1790,207.84,0
1791,407.17,0
1792,302.54,0
1793,432.18,0
1794,346.15,0
1795,622.94,0
1796,327.23,0
1797,611.3,0
1798,681.87,0
1799,688.09,0
1800,559.76,0
1801,397.57,0
1802,296.46,0
1803,266.97,0
1804,574.96,0
1805,337.85,0
1806,305.07,0
1807,202.17,0
1808,385.64,0
1809,1080.0,0
1810,503.57,0
1811,379.24,0
1812,242.37,0
1813,731.15,0
1814,725.61,0
1815,512.2,0
1816,248.73,0
1817,434.45,0
1818,206.97,0
1819,716.44,0
1820,395.66,0
1821,414.46,0
1822,325.86,0
1823,706.15,0
1824,296.02,0
1825,409.34,0
1826,355.28,0
1827,515.96,0
1828,583.8,0
1829,781.83,0
1830,267.53,0
1831,1011.57,0
1832,561.62,0
1833,256.16,0
1834,207.34,0
1835,591.07,0
1836,423.68,0
1837,454.6,0
1838,368.59,0
1839,295.85,0
1840,473.76,0
1841,379.89,0
1842,349.62,0
1843,303.75,0
1844,341.53,0
1845,637.66,0
1846,575.45,0
1847,445.82,0
1848,760.45,0
1849,276.91,0
1850,1093.31,0
1851,226.16,0
1852,505.53,0
1853,330.09,0
1854,335.05,0
1855,885.18,0
1856,517.59,0
1857,401.31,0
1858,584.27,0
1859,4942.5,1
1860,352.74,0
1861,213.46,0
1862,1739.78,0
1863,209.0,0
1864,419.47,0
1865,409.85,0
1866,587.97,0
1867,541.97,0
1868,524.77,0
1869,128.53,0
1870,390.77,0
1871,559.46,0
1872,588.51,0
1873,401.98,0
1874,473.03,0
1875,328.53,0
1876,575.22,0
1877,642.48,0
1878,387.33,0
1879,346.06,0
1880,503.52,0
1881,635.23,0
1882,284.47,0
1883,168.88,0
1884,838.14,0
1885,774.18,0
1886,749.34,0
1887,238.22,0
1888,321.35,0
1889,623.71,0
1890,483.96,0
1891,726.71,0
1892,230.13,0
1893,188.06,0
1894,382.22,0
1895,540.58,0
1896,271.03,0
1897,461.47,0
1898,630.46,0
1899,288.13,0
1900,347.53,0
1901,613.46,0
1902,348.06,0
1903,451.6,0
1904,290.14,0
1905,327.83,0
1906,288.15,0
1907,938.93,0
1908,587.85,0
1909,379.08,0
1910,441.89,0
1911,310.27,0
1912,601.27,0
1913,488.18,0
1914,346.81,0
1915,473.99,0
1916,375.87,0
1917,300.07,0
1918,509.81,0
1919,699.57,0
1920,345.95,0
1921,372.63,0
1922,610.36,0
1923,762.88,0
1924,317.67,0
1925,324.52,0
1926,571.5,0
1927,292.81,0
1928,141.11,0
1929,539.24,0
1930,644.34,0
1931,772.76,0
1932,666.72,0
1933,515.94,0
1934,398.12,0
1935,498.23,0
1936,356.08,0
1937,891.03,0
1938,368.58,0
1939,293.41,0
1940,344.06,0
1941,145.36,0
1942,400.77,0
1943,666.87,0
1944,730.18,0
1945,458.76,0
1946,480.62,0
1947,465.1,0
1948,376.52,0
1949,492.82,0
1950,589.99,0
1951,496.53,0
1952,478.57,0
1953,484.68,0
1954,558.01,0
1955,438.54,0
1956,621.75,0
1957,266.78,0
1958,440.65,0
1959,371.99,0
1960,310.15,0
1961,715.11,0
1962,435.35,0
1963,626.49,0
1964,266.84,0
1965,811.19,0
1966,269.69,0
1967,608.66,0
1968,135.34,0
1969,742.69,0
1970,356.47,0
1971,414.11,0
1972,527.01,0
1973,271.98,0
1974,376.06,0
1975,17626.86,1
1976,288.66,0
1977,140.06,0
1978,562.37,0
1979,478.18,0
1980,522.87,0
1981,567.84,0
1982,412.3,0
1983,458.28,0
1984,265.62,0
1985,242.96,0
1986,413.95,0
1987,120.68,0
1988,268.53,0
1989,387.37,0
1990,591.38,0
1991,460.63,0
1992,1157.88,0
1993,332.65,0
1994,372.79,0
1995,376.36,0
1996,517.5,0
1997,605.6,0
1998,278.56,0
1999,319.64,0
2000,503.69,0
2001,240.82,0
2002,503.33,0
2003,420.59,0
2004,257.1,0
2005,670.42,0
2006,302.44,0
2007,158.92,0
2008,525.66,0
2009,310.01,0
2010,327.44,0
2011,352.69,0
2012,556.93,0
2013,298.39,0
2014,637.77,0
2015,8328.28,1
2016,556.53,0
2017,411.86,0
2018,451.95,0
2019,204.35,0
2020,537.3,0
2021,527.54,0
2022,279.17,0
2023,431.87,0
2024,831.12,0
2025,271.64,0
2026,642.46,0
2027,452.45,0
2028,796.38,0
2029,506.39,0
2030,783.23,0
2031,200.93,0
2032,197.76,0
2033,295.51,0
2034,507.46,0
2035,552.86,0
2036,700.66,0
2037,267.96,0
2038,326.43,0
2039,462.96,0
2040,256.78,0
2041,238.14,0
2042,304.86,0
2043,343.58,0
2044,454.61,0
2045,304.0,0
2046,288.84,0
2047,219.24,0
2048,720.02,0
2049,753.77,0
2050,610.26,0
2051,192.25,0
2052,855.82,0
2053,563.88,0
2054,426.46,0
2055,440.43,0
2056,384.85,0
2057,479.49,0
2058,793.76,0
2059,550.09,0
2060,351.32,0
2061,435.85,0
2062,467.1,0
2063,210.18,0
2064,584.72,0
2065,319.29,0
2066,319.5,0
2067,172.79,0
2068,872.09,0
2069,229.45,0
2070,750.68,0
2071,869.81,0
2072,492.79,0
2073,204.62,0
2074,621.87,0
2075,392.88,0
2076,218.56,0
2077,319.27,0
2078,631.69,0
2079,673.23,0
2080,547.24,0
2081,340.46,0
2082,608.58,0
2083,300.39,0
2084,361.07,0
2085,461.03,0
2086,717.32,0
2087,265.67,0
2088,765.23,0
2089,427.33,0
2090,401.5,0
2091,412.9,0
2092,554.28,0
2093,617.96,0
2094,760.28,0
2095,555.31,0
2096,261.6,0
2097,495.55,0
2098,259.23,0
2099,244.7,0
2100,370.36,0
2101,481.18,0
2102,609.98,0
2103,754.14,0
2104,969.62,0
2105,589.09,0
2106,369.47,0
2107,321.99,0
2108,310.08,0
2109,285.47,0
2110,634.94,0
2111,227.36,0
2112,417.78,0
2113,250.51,0
2114,397.1,0
2115,567.88,0
2116,398.92,0
2117,807.64,0
2118,561.93,0
2119,186.39,0
2120,477.83,0
2121,258.2,0
2122,457.88,0
2123,428.03,0
2124,364.5,0
2125,298.76,0
2126,380.78,0
2127,349.5,0
2128,1206.81,0
2129,574.39,0
2130,356.52,0
2131,279.4,0
2132,318.29,0
2133,786.18,0
2134,232.87,0
2135,413.5,0
2136,278.44,0
2137,632.57,0
2138,341.65,0
2139,974.22,0
2140,442.74,0
2141,289.02,0
2142,179.11,0
2143,419.8,0
2144,367.29,0
2145,180.83,0
2146,461.0,0
2147,445.33,0
2148,515.84,0
2149,281.78,0
2150,527.62,0
2151,671.5,0
2152,328.05,0
2153,296.51,0
2154,251.63,0
2155,288.5,0
2156,535.33,0
2157,540.4,0
2158,296.69,0
2159,388.07,0
2160,379.67,0
2161,415.8,0
2162,581.4,0
2163,830.06,0
2164,389.11,0
2165,311.39,0
2166,526.54,0
2167,273.91,0
2168,297.55,0
2169,428.68,0
2170,445.66,0
2171,451.67,0
2172,294.02,0
2173,378.57,0
2174,462.86,0
2175,312.59,0
2176,418.74,0
2177,138.32,0
2178,578.56,0
2179,474.79,0
2180,688.22,0
2181,465.26,0
2182,442.01,0
2183,561.16,0
2184,343.1,0
2185,556.99,0
2186,279.21,0
2187,489.23,0
2188,191.62,0
2189,577.76,0
2190,276.35,0
2191,86.02,0
2192,273.79,0
2193,286.03,0
2194,318.34,0
2195,781.94,0
2196,323.75,0
2197,747.92,0
2198,138.32,0
2199,374.84,0
2200,302.25,0
2201,465.22,0
2202,522.27,0
2203,405.8,0
2204,433.14,0
2205,142.08,0
2206,545.75,0
2207,456.73,0
2208,328.3,0
2209,520.4,0
2210,413.65,0
2211,304.1,0
2212,344.78,0
2213,608.5,0
2214,361.21,0
2215,695.18,0
2216,559.44,0
2217,231.57,0
2218,281.93,0
2219,668.16,0
2220,244.89,0
2221,701.19,0
2222,329.38,0
2223,1062.62,0
2224,704.33,0
2225,307.77,0
2226,254.27,0
2227,361.03,0
2228,446.52,0
2229,228.67,0
2230,259.09,0
2231,312.83,0
2232,360.9,0
2233,798.0,0
2234,502.91,0
2235,275.24,0
2236,306.61,0
2237,195.92,0
2238,713.91,0
2239,378.72,0
2240,174.56,0
2241,385.58,0
2242,139.43,0
2243,663.87,0
2244,519.58,0
2245,300.47,0
2246,515.31,0
2247,170.34,0
2248,441.91,0
2249,649.81,0
2250,739.82,0
2251,619.25,0
2252,423.26,0
2253,515.12,0
2254,630.58,0
2255,515.8,0
2256,201.23,0
2257,444.65,0
2258,254.45,0
2259,624.82,0
2260,372.23,0
2261,354.12,0
2262,422.82,0
2263,287.61,0
2264,639.34,0
2265,414.86,0
2266,313.06,0
2267,655.35,0
2268,436.38,0
2269,359.31,0
2270,325.07,0
2271,438.95,0
2272,521.97,0
2273,347.23,0
2274,582.94,0
2275,308.91,0
2276,343.47,0
2277,491.17,0
2278,499.97,0
2279,349.32,0
2280,326.35,0
2281,603.04,0
2282,325.78,0
2283,336.76,0
2284,570.79,0
2285,199.26,0
2286,340.76,0
2287,167.94,0
2288,472.91,0
2289,395.18,0
2290,350.61,0
2291,713.76,0
2292,692.85,0
2293,205.81,0
2294,1136.74,0
2295,346.43,0
2296,732.28,0
2297,578.11,0
2298,228.33,0
2299,295.38,0
2300,404.26,0
2301,332.95,0
2302,177.52,0
2303,306.3,0
2304,273.52,0
2305,264.58,0
2306,1069.47,0
2307,336.99,0
2308,424.04,0
2309,478.33,0
2310,737.29,0
2311,554.43,0
2312,379.97,0
2313,231.26,0
2314,387.64,0
2315,485.78,0
2316,262.3,0
2317,247.1,0
2318,552.32,0
2319,637.51,0
2320,271.44,0
2321,233.24,0
2322,219.44,0
2323,132.69,0
2324,267.32,0
2325,386.57,0
2326,259.91,0
2327,593.55,0
2328,160.36,0
2329,140.15,0
2330,412.78,0
2331,398.29,0
2332,177.71,0
2333,634.99,0
2334,373.04,0
2335,342.14,0
2336,428.92,0
2337,379.68,0
2338,658.26,0
2339,537.08,0
2340,432.26,0
2341,410.2,0
2342,456.23,0
2343,543.49,0
2344,215.85,0
2345,263.76,0
2346,611.8,0
2347,401.8,0
2348,515.25,0
2349,750.06,0
2350,177.82,0
2351,724.52,0
2352,973.08,0
2353,754.36,0
2354,805.77,0
2355,465.22,0
2356,446.12,0
2357,627.87,0
2358,603.38,0
2359,362.26,0
2360,490.26,0
2361,250.3,0
2362,227.28,0
2363,373.28,0
2364,317.57,0
2365,316.87,0
2366,186.34,0
2367,612.74,0
2368,406.6,0
2369,410.21,0
2370,361.68,0
2371,296.72,0
2372,482.36,0
2373,603.49,0
2374,504.73,0
2375,471.96,0
2376,211.11,0
2377,461.98,0
2378,416.33,0
2379,333.9,0
2380,379.07,0
2381,503.92,0
2382,358.91,0
2383,144.78,0
2384,372.74,0
2385,434.57,0
2386,404.12,0
2387,549.05,0
2388,367.66,0
2389,357.8,0
2390,201.07,0
2391,377.65,0
2392,265.13,0
2393,376.65,0
2394,402.54,0
2395,491.09,0
2396,225.38,0
2397,488.5,0
2398,649.19,0
2399,179.68,0
2400,206.53,0
2401,526.89,0
2402,678.69,0
2403,385.89,0
2404,148.04,0
2405,280.97,0
2406,443.79,0
2407,257.7,0
2408,424.43,0
2409,243.44,0
2410,792.5,0
2411,307.63,0
2412,297.1,0
2413,1202.93,0
2414,302.89,0
2415,383.18,0
2416,295.27,0
2417,433.97,0
2418,663.81,0
2419,521.8,0
2420,302.64,0
2421,310.23,0
2422,820.62,0
2423,324.77,0
2424,418.36,0
2425,647.72,0
2426,114.52,0
2427,425.43,0
2428,452.93,0
2429,312.55,0
2430,641.06,0
2431,737.34,0
2432,341.08,0
2433,402.36,0
2434,358.65,0
2435,281.01,0
2436,481.56,0
2437,340.26,0
2438,305.03,0
2439,335.54,0
2440,327.47,0
2441,621.14,0
2442,667.61,0
2443,416.57,0
2444,267.85,0
2445,695.69,0
2446,688.69,0
2447,377.52,0
2448,394.2,0
2449,8855.74,1
2450,256.09,0
2451,467.26,0
2452,261.01,0
2453,332.48,0
2454,360.71,0
2455,732.41,0
2456,603.63,0
2457,545.61,0
2458,960.05,0
2459,14958.16,1
2460,385.92,0
2461,390.24,0
2462,378.55,0
2463,912.92,0
2464,511.42,0
2465,321.66,0
2466,608.83,0
2467,336.61,0
2468,305.29,0
2469,277.1,0
2470,552.27,0
2471,388.57,0
2472,330.91,0
2473,238.01,0
2474,280.31,0
2475,462.42,0
2476,829.0,0
2477,611.26,0
2478,713.95,0
2479,672.61,0
2480,681.12,0
2481,387.71,0
2482,365.7,0
2483,996.73,0
2484,1210.4,0
2485,436.91,0
2486,340.21,0
2487,344.81,0
2488,643.32,0
2489,564.59,0
2490,217.49,0
2491,483.63,0
2492,188.98,0
2493,426.77,0
2494,131.87,0
2495,402.8,0
2496,185.63,0
2497,394.26,0
2498,454.06,0
2499,451.61,0
2500,265.1,0
2501,367.63,0
2502,157.16,0
2503,602.55,0
2504,902.71,0
2505,356.9,0
2506,703.64,0
2507,361.02,0
2508,413.79,0
2509,547.24,0
2510,576.64,0
2511,463.67,0
2512,537.19,0
2513,416.34,0
2514,336.48,0
2515,474.76,0
2516,558.05,0
2517,203.66,0
2518,415.97,0
2519,247.18,0
2520,195.42,0
2521,205.87,0
2522,395.57,0
2523,344.11,0
2524,694.03,0
2525,333.45,0
2526,183.93,0
2527,434.39,0
2528,162.84,0
2529,263.95,0
2530,300.21,0
2531,335.16,0
2532,488.26,0
2533,526.63,0
2534,258.0,0
2535,726.82,0
2536,148.85,0
2537,540.05,0
2538,372.35,0
2539,269.06,0
2540,542.55,0
2541,314.67,0
2542,334.82,0
2543,589.05,0
2544,371.13,0
2545,797.84,0
2546,358.48,0
2547,242.57,0
2548,678.7,0
2549,346.82,0
2550,315.35,0
2551,250.22,0
2552,341.62,0
2553,487.79,0
2554,421.87,0
2555,144.8,0
2556,435.42,0
2557,443.74,0
2558,487.08,0
2559,392.41,0
2560,521.09,0
2561,383.55,0
2562,308.18,0
2563,361.83,0
2564,372.59,0
2565,369.44,0
2566,329.37,0
2567,523.28,0
2568,530.12,0
2569,439.65,0
2570,233.47,0
2571,666.2,0
2572,483.08,0
2573,336.41,0
2574,760.45,0
2575,411.97,0
2576,220.99,0
2577,183.25,0
2578,450.76,0
2579,520.03,0
2580,257.64,0
2581,370.84,0
2582,346.22,0
2583,191.02,0
2584,302.64,0
2585,736.75,0
2586,308.48,0
2587,211.27,0
2588,360.83,0
2589,441.44,0
2590,529.41,0
2591,554.4,0
2592,279.78,0
2593,219.28,0
2594,238.12,0
2595,814.31,0
2596,454.18,0
2597,406.33,0
2598,798.02,0
2599,395.17,0
2600,588.07,0
2601,279.63,0
2602,330.44,0
2603,189.61,0
2604,341.03,0
2605,240.72,0
2606,430.12,0
2607,13466.33,1
2608,329.39,0
2609,316.68,0
2610,458.87,0
2611,198.66,0
2612,392.0,0
2613,256.97,0
2614,441.84,0
2615,378.23,0
2616,421.91,0
2617,299.8,0
2618,471.52,0
2619,281.98,0
2620,284.63,0
2621,1330.77,0
2622,191.18,0
2623,286.53,0
2624,348.61,0
2625,482.23,0
2626,220.86,0
2627,447.3,0
2628,254.67,0
2629,535.6,0
2630,479.15,0
2631,543.8,0
2632,275.89,0
2633,323.13,0
2634,500.46,0
2635,331.47,0
2636,252.97,0
2637,731.35,0
2638,378.83,0
2639,307.82,0
2640,244.69,0
2641,411.29,0
2642,414.91,0
2643,473.13,0
2644,725.22,0
2645,261.94,0
2646,291.68,0
2647,458.92,0
2648,283.68,0
2649,534.09,0
2650,378.31,0
2651,566.34,0
2652,334.19,0
2653,244.8,0
2654,400.05,0
2655,501.83,0
2656,518.81,0
2657,251.45,0
2658,351.58,0
2659,165.99,0
2660,169.7,0
2661,308.49,0
2662,407.64,0
2663,334.06,0
2664,264.69,0
2665,6193.09,1
2666,203.27,0
2667,944.85,0
2668,387.29,0
2669,525.09,0
2670,229.92,0
2671,989.7,0
2672,279.49,0
2673,528.4,0
2674,380.19,0
2675,567.74,0
2676,284.75,0
2677,754.76,0
2678,848.62,0
2679,677.42,0
2680,180.82,0
2681,316.4,0
2682,495.16,0
2683,1094.04,0
2684,346.95,0
2685,665.71,0
2686,502.29,0
2687,1260.56,0
2688,293.83,0
2689,204.01,0
2690,386.57,0
2691,447.35,0
2692,636.92,0
2693,472.18,0
2694,14630.75,1
2695,617.34,0
2696,300.18,0
2697,241.52,0
2698,313.34,0
2699,264.97,0
2700,364.48,0
2701,497.9,0
2702,443.34,0
2703,453.91,0
2704,658.5,0
2705,500.38,0
2706,527.17,0
2707,427.47,0
2708,266.77,0
2709,748.71,0
2710,313.35,0
2711,477.87,0
2712,371.16,0
2713,253.54,0
2714,394.71,0
2715,853.75,0
2716,192.51,0
2717,503.55,0
2718,438.27,0
2719,358.85,0
2720,249.18,0
2721,298.96,0
2722,376.82,0
2723,407.86,0
2724,1086.01,0
2725,551.18,0
2726,708.29,0
2727,441.72,0
2728,542.51,0
2729,316.96,0
2730,573.15,0
2731,541.09,0
2732,569.05,0
2733,492.12,0
2734,290.05,0
2735,302.13,0
2736,397.52,0
2737,411.6,0
2738,115.47,0
2739,307.59,0
2740,331.89,0
2741,270.19,0
2742,200.79,0
2743,333.25,0
2744,413.62,0
2745,679.0,0
2746,389.25,0
2747,604.12,0
2748,377.91,0
2749,680.03,0
2750,157.05,0
2751,167.24,0
2752,517.5,0
2753,246.16,0
2754,416.16,0
2755,312.83,0
2756,318.26,0
2757,315.66,0
2758,629.75,0
2759,464.01,0
2760,227.85,0
2761,491.71,0
2762,1123.21,0
2763,348.46,0
2764,203.37,0
2765,401.7,0
2766,833.58,0
2767,748.61,0
2768,770.88,0
2769,238.19,0
2770,268.02,0
2771,372.33,0
2772,992.09,0
2773,577.01,0
2774,331.52,0
2775,654.92,0
2776,259.63,0
2777,285.52,0
2778,746.19,0
2779,287.04,0
2780,1486.03,0
2781,334.68,0
2782,434.23,0
2783,289.61,0
2784,184.15,0
2785,205.84,0
2786,626.91,0
2787,510.26,0
2788,562.58,0
2789,595.78,0
2790,411.45,0
2791,371.97,0
2792,276.61,0
2793,464.84,0
2794,491.63,0
2795,331.46,0
2796,421.03,0
2797,719.49,0
2798,364.49,0
2799,558.03,0
2800,758.28,0
2801,598.08,0
2802,572.18,0
2803,396.18,0
2804,323.93,0
2805,224.43,0
2806,427.19,0
2807,382.05,0
2808,394.62,0
2809,447.51,0
2810,403.43,0
2811,632.51,0
2812,250.49,0
2813,281.25,0
2814,459.33,0
2815,670.5,0
2816,220.32,0
2817,803.16,0
2818,560.3,0
2819,554.96,0
2820,678.78,0
2821,443.4,0
2822,457.89,0
2823,543.36,0
2824,542.1,0
2825,688.52,0
2826,317.79,0
2827,296.35,0
2828,196.11,0
2829,392.47,0
2830,346.38,0
2831,544.2,0
2832,474.03,0
2833,533.86,0
2834,306.53,0
2835,210.55,0
2836,223.44,0
2837,538.79,0
2838,258.84,0
2839,536.63,0
2840,411.1,0
2841,538.38,0
2842,471.1,0
2843,432.29,0
2844,323.1,0
2845,243.86,0
2846,290.98,0
2847,761.79,0
2848,522.35,0
2849,431.66,0
2850,333.21,0
2851,598.79,0
2852,554.63,0
2853,412.68,0
2854,519.94,0
2855,177.26,0
2856,412.17,0
2857,837.7,0
2858,932.97,0
2859,279.29,0
2860,280.44,0
2861,497.11,0
2862,387.28,0
2863,371.78,0
2864,151.12,0
2865,702.76,0
2866,520.0,0
2867,562.56,0
2868,452.23,0
2869,656.97,0
2870,452.57,0
2871,743.5,0
2872,283.15,0
2873,558.3,0
2874,12070.22,1
2875,376.43,0
2876,571.31,0
2877,343.87,0
2878,458.36,0
2879,1346.59,0
2880,494.68,0
2881,427.79,0
2882,299.83,0
2883,343.28,0
2884,311.52,0
2885,372.49,0
2886,863.28,0
2887,865.28,0
2888,359.88,0
2889,297.76,0
2890,456.15,0
2891,446.09,0
2892,368.04,0
2893,143.16,0
2894,389.61,0
2895,611.91,0
2896,283.54,0
2897,591.76,0
2898,385.73,0
2899,534.73,0
2900,233.53,0
2901,274.97,0
2902,813.96,0
2903,231.05,0
2904,240.15,0
2905,357.16,0
2906,389.31,0
2907,633.81,0
2908,788.08,0
2909,367.16,0
2910,394.09,0
2911,485.28,0
2912,126.24,0
2913,209.16,0
2914,374.37,0
2915,412.72,0
2916,629.47,0
2917,569.04,0
2918,750.42,0
2919,345.85,0
2920,159.62,0
2921,287.91,0
2922,472.73,0
2923,283.9,0
2924,200.67,0
2925,604.69,0
2926,263.35,0
2927,782.14,0
2928,497.78,0
2929,327.59,0
2930,309.98,0
2931,417.84,0
2932,525.6,0
2933,867.7,0
2934,182.6,0
2935,627.31,0
2936,283.56,0
2937,294.76,0
2938,351.49,0
2939,290.96,0
2940,318.47,0
2941,719.23,0
2942,459.98,0
2943,222.93,0
2944,208.11,0
2945,300.03,0
2946,12174.84,1
2947,325.96,0
2948,271.51,0
2949,934.18,0
2950,530.48,0
2951,333.83,0
2952,581.05,0
2953,563.28,0
2954,561.56,0
2955,358.34,0
2956,400.7,0
2957,403.11,0
2958,473.05,0
2959,222.39,0
2960,357.92,0
2961,502.63,0
2962,428.41,0
2963,332.17,0
2964,440.85,0
2965,526.88,0
2966,574.68,0
2967,496.03,0
2968,250.13,0
2969,272.46,0
2970,258.37,0
2971,295.16,0
2972,723.9,0
2973,243.11,0
2974,339.68,0
2975,351.39,0
2976,505.51,0
2977,659.92,0
2978,289.79,0
2979,480.46,0
2980,334.3,0
2981,195.64,0
2982,368.7,0
2983,369.3,0
2984,260.18,0
2985,228.65,0
2986,358.2,0
2987,389.28,0
2988,310.83,0
2989,675.4,0
2990,384.15,0
2991,239.37,0
2992,300.63,0
2993,40531.31,1
2994,238.59,0
2995,342.63,0
2996,667.08,0
2997,178.04,0
2998,185.99,0
2999,365.78,0
3000,605.03,0
3001,107.59,0
3002,344.33,0
3003,350.45,0
3004,426.37,0
3005,758.49,0
3006,292.13,0
3007,349.4,0
3008,395.65,0
3009,274.86,0
3010,549.32,0
3011,229.9,0
3012,882.3,0
3013,547.26,0
3014,360.04,0
3015,247.45,0
3016,382.75,0
3017,342.04,0
3018,471.4,0
3019,301.11,0
3020,484.29,0
3021,393.89,0
3022,523.44,0
3023,811.02,0
3024,185.91,0
3025,677.76,0
3026,317.73,0
3027,765.03,0
3028,594.99,0
3029,453.7,0
3030,571.65,0
3031,210.2,0
3032,535.17,0
3033,192.12,0
3034,431.56,0
3035,214.42,0
3036,517.92,0
3037,628.01,0
3038,434.62,0
3039,434.3,0
3040,406.78,0
3041,800.96,0
3042,822.88,0
3043,706.94,0
3044,477.17,0
3045,494.89,0
3046,324.59,0
3047,314.11,0
3048,359.8,0
3049,303.26,0
3050,486.5,0
3051,290.23,0
3052,313.05,0
3053,621.3,0
3054,353.9,0
3055,252.24,0
3056,5714.74,1
3057,270.03,0
3058,565.74,0
3059,529.93,0
3060,354.88,0
3061,175.02,0
3062,345.62,0
3063,533.35,0
3064,506.53,0
3065,347.62,0
3066,1286.03,0
3067,573.82,0
3068,335.94,0
3069,479.85,0
3070,845.63,0
3071,151.33,0
3072,421.57,0
3073,865.68,0
3074,200.97,0
3075,473.34,0
3076,424.65,0
3077,766.9,0
3078,224.08,0
3079,296.21,0
3080,246.76,0
3081,313.61,0
3082,439.47,0
3083,464.41,0
3084,285.2,0
3085,470.19,0
3086,358.96,0
3087,313.13,0
3088,573.63,0
3089,382.54,0
3090,377.73,0
3091,350.68,0
3092,413.95,0
3093,389.67,0
3094,333.02,0
3095,684.73,0
3096,336.38,0
3097,289.32,0
3098,438.44,0
3099,426.83,0
3100,527.9,0
3101,151.42,0
3102,224.52,0
3103,245.56,0
3104,431.97,0
3105,455.73,0
3106,811.91,0
3107,1244.28,0
3108,199.39,0
3109,1133.32,0
3110,306.68,0
3111,528.45,0
3112,335.81,0
3113,408.31,0
3114,804.93,0
3115,360.48,0
3116,685.97,0
3117,283.1,0
3118,208.41,0
3119,605.55,0
3120,305.59,0
3121,454.88,0
3122,201.06,0
3123,234.21,0
3124,182.34,0
3125,298.65,0
3126,466.47,0
3127,695.46,0
3128,418.04,0
3129,636.48,0
3130,460.08,0
3131,514.14,0
3132,417.45,0
3133,567.57,0
3134,263.82,0
3135,356.84,0
3136,484.59,0
3137,739.33,0
3138,487.62,0
3139,889.44,0
3140,690.49,0
3141,410.41,0
3142,185.06,0
3143,387.66,0
3144,472.07,0
3145,371.65,0
3146,370.46,0
3147,265.07,0
3148,309.62,0
3149,346.26,0
3150,346.72,0
3151,1000.15,0
3152,389.23,0
3153,511.74,0
3154,349.54,0
3155,213.64,0
3156,251.7,0
3157,267.2,0
3158,399.63,0
3159,550.07,0
3160,337.12,0
3161,222.18,0
3162,267.94,0
3163,405.79,0
3164,430.62,0
3165,358.62,0
3166,332.32,0
3167,155.55,0
3168,372.13,0
3169,395.63,0
3170,349.02,0
3171,387.94,0
3172,280.39,0
3173,215.37,0
3174,192.52,0
3175,577.48,0
3176,408.18,0
3177,424.17,0
3178,728.74,0
3179,647.76,0
3180,710.11,0
3181,431.24,0
3182,684.8,0
3183,381.85,0
3184,661.95,0
3185,643.28,0
3186,544.44,0
3187,435.95,0
3188,235.49,0
3189,396.64,0
3190,229.02,0
3191,465.79,0
3192,353.72,0
3193,334.49,0
3194,711.9,0
3195,205.62,0
3196,544.51,0
3197,666.28,0
3198,314.71,0
3199,438.38,0
3200,303.46,0
3201,330.79,0
3202,571.5,0
3203,792.91,0
3204,539.89,0
3205,554.91,0
3206,443.09,0
3207,310.8,0
3208,332.27,0
3209,323.13,0
3210,358.02,0
3211,409.98,0
3212,891.64,0
3213,342.38,0
3214,403.5,0
3215,1079.37,0
3216,246.29,0
3217,654.25,0
3218,1070.0,0
3219,361.21,0
3220,369.06,0
3221,369.42,0
3222,557.02,0
3223,542.43,0
3224,274.8,0
3225,393.6,0
3226,445.53,0
3227,307.43,0
3228,221.54,0
3229,501.59,0
3230,314.08,0
3231,296.82,0
3232,371.87,0
3233,527.0,0
3234,780.97,0
3235,456.42,0
3236,373.06,0
3237,274.25,0
3238,329.67,0
3239,700.82,0
3240,210.7,0
3241,992.52,0
3242,415.28,0
3243,335.12,0
3244,578.16,0
3245,181.57,0
3246,457.99,0
3247,370.08,0
3248,800.48,0
3249,173.81,0
3250,438.37,0
3251,439.89,0
3252,364.44,0
3253,999.45,0
3254,431.58,0
3255,339.89,0
3256,215.29,0
3257,338.3,0
3258,565.85,0
3259,436.82,0
3260,571.22,0
3261,932.15,0
3262,342.03,0
3263,473.23,0
3264,364.45,0
3265,559.05,0
3266,498.05,0
3267,936.23,0
3268,275.41,0
3269,392.81,0
3270,453.56,0
3271,1063.0,0
3272,565.39,0
3273,628.05,0
3274,779.74,0
3275,486.05,0
3276,439.47,0
3277,324.67,0
3278,600.43,0
3279,243.57,0
3280,399.3,0
3281,473.89,0
3282,1049.81,0
3283,1408.5,0
3284,512.65,0
3285,352.91,0
3286,481.94,0
3287,847.08,0
3288,432.67,0
3289,404.83,0
3290,620.93,0
3291,319.84,0
3292,398.15,0
3293,535.41,0
3294,238.83,0
3295,419.4,0
3296,292.72,0
3297,444.03,0
3298,364.77,0
3299,567.79,0
3300,566.98,0
3301,264.38,0
3302,339.9,0
3303,750.13,0
3304,369.27,0
3305,185.74,0
3306,330.92,0
3307,298.32,0
3308,281.43,0
3309,775.64,0
3310,182.98,0
3311,687.11,0
3312,485.15,0
3313,859.47,0
3314,1031.49,0
3315,512.68,0
3316,348.29,0
3317,309.86,0
3318,328.0,0
3319,430.55,0
3320,420.47,0
3321,647.21,0
3322,585.35,0
3323,473.17,0
3324,365.06,0
3325,713.9,0
3326,357.2,0
3327,457.99,0
3328,387.72,0
3329,673.27,0
3330,193.08,0
3331,394.22,0
3332,606.43,0
3333,351.15,0
3334,686.14,0
3335,342.7,0
3336,395.74,0
3337,441.76,0
3338,118.73,0
3339,604.05,0
3340,262.11,0
3341,680.45,0
3342,256.44,0
3343,348.34,0
3344,839.56,0
3345,213.68,0
3346,351.21,0
3347,439.53,0
3348,556.16,0
3349,383.81,0
3350,237.36,0
3351,455.6,0
3352,495.65,0
3353,458.65,0
3354,291.18,0
3355,536.03,0
3356,403.13,0
3357,543.4,0
3358,499.05,0
3359,366.4,0
3360,428.68,0
3361,449.56,0
3362,416.73,0
3363,458.19,0
3364,562.52,0
3365,546.52,0
3366,560.68,0
3367,407.7,0
3368,722.97,0
3369,706.72,0
3370,348.92,0
3371,219.4,0
3372,605.5,0
3373,470.82,0
3374,434.97,0
3375,495.16,0
3376,457.6,0
3377,554.73,0
3378,755.38,0
3379,355.26,0
3380,259.61,0
3381,638.85,0
3382,713.31,0
3383,366.68,0
3384,303.3,0
3385,990.81,0
3386,222.5,0
3387,398.7,0
3388,331.74,0
3389,167.19,0
3390,647.92,0
3391,390.39,0
3392,349.33,0
3393,311.91,0
3394,345.35,0
3395,297.79,0
3396,593.44,0
3397,255.97,0
3398,385.1,0
3399,649.18,0
3400,552.57,0
3401,540.62,0
3402,391.05,0
3403,380.39,0
3404,376.29,0
3405,667.28,0
3406,404.58,0
3407,706.98,0
3408,452.36,0
3409,8684.11,1
3410,601.59,0
3411,735.63,0
3412,272.83,0
3413,240.01,0
3414,535.1,0
3415,384.97,0
3416,14451.98,1
3417,432.81,0
3418,493.81,0
3419,508.83,0
3420,479.94,0
3421,371.26,0
3422,321.3,0
3423,300.44,0
3424,493.87,0
3425,316.87,0
3426,281.61,0
3427,322.62,0
3428,280.72,0
3429,827.77,0
3430,680.25,0
3431,452.02,0
3432,673.95,0
3433,555.11,0
3434,480.14,0
3435,323.61,0
3436,416.79,0
3437,282.36,0
3438,781.07,0
3439,221.04,0
3440,340.65,0
3441,266.6,0
3442,282.13,0
3443,466.46,0
3444,295.93,0
3445,475.69,0
3446,592.12,0
3447,10768.14,1
3448,429.38,0
3449,510.15,0
3450,731.81,0
3451,598.99,0
3452,400.09,0
3453,449.81,0
3454,447.95,0
3455,427.23,0
3456,236.81,0
3457,370.78,0
3458,341.0,0
3459,298.77,0
3460,455.82,0
3461,370.11,0
3462,542.0,0
3463,213.86,0
3464,368.53,0
3465,295.71,0
3466,249.1,0
3467,467.84,0
3468,382.7,0
3469,472.85,0
3470,296.38,0
3471,555.88,0
3472,243.48,0
3473,673.38,0
3474,188.32,0
3475,227.49,0
3476,372.1,0
3477,305.96,0
3478,694.17,0
3479,560.55,0
3480,297.41,0
3481,588.48,0
3482,445.2,0
3483,420.11,0
3484,428.78,0
3485,320.13,0
3486,327.92,0
3487,232.92,0
3488,325.04,0
3489,286.49,0
3490,158.22,0
3491,369.17,0
3492,440.59,0
3493,518.59,0
3494,608.93,0
3495,160.62,0
3496,508.66,0
3497,453.92,0
3498,552.86,0
3499,332.31,0
3500,455.07,0
3501,308.86,0
3502,657.17,0
3503,267.9,0
3504,286.49,0
3505,260.14,0
3506,388.35,0
3507,616.99,0
3508,232.97,0
3509,808.68,0
3510,459.39,0
3511,375.52,0
3512,346.23,0
3513,625.14,0
3514,412.83,0
3515,281.92,0
3516,758.24,0
3517,496.02,0
3518,310.09,0
3519,216.55,0
3520,263.15,0
3521,434.22,0
3522,741.36,0
3523,227.79,0
3524,413.09,0
3525,324.8,0
3526,370.05,0
3527,359.48,0
3528,513.65,0
3529,483.61,0
3530,311.06,0
3531,427.49,0
3532,326.36,0
3533,255.15,0
3534,510.18,0
3535,507.7,0
3536,328.06,0
3537,191.23,0
3538,262.06,0
3539,242.71,0
3540,440.26,0
3541,506.59,0
3542,241.24,0
3543,345.43,0
3544,1069.56,0
3545,659.5,0
3546,410.14,0
3547,409.7,0
3548,472.43,0
3549,269.08,0
3550,997.23,0
3551,560.5,0
3552,878.18,0
3553,507.93,0
3554,300.45,0
3555,216.65,0
3556,677.22,0
3557,299.87,0
3558,226.51,0
3559,8470.7,1
3560,296.58,0
3561,992.78,0
3562,159.14,0
3563,683.15,0
3564,293.29,0
3565,406.74,0
3566,512.58,0
3567,144.84,0
3568,303.5,0
3569,259.32,0
3570,614.43,0
3571,377.76,0
3572,256.67,0
3573,710.01,0
3574,354.0,0
3575,369.14,0
3576,637.74,0
3577,268.79,0
3578,283.58,0
3579,492.96,0
3580,808.3,0
3581,545.95,0
3582,493.82,0
3583,312.78,0
3584,342.59,0
3585,423.55,0
3586,398.14,0
3587,196.83,0
3588,455.79,0
3589,313.98,0
3590,684.36,0
3591,397.47,0
3592,323.36,0
3593,394.48,0
3594,590.1,0
3595,385.8,0
3596,409.9,0
3597,568.65,0
3598,999.61,0
3599,532.2,0
3600,465.06,0
3601,278.05,0
3602,585.96,0
3603,313.2,0
3604,289.46,0
3605,582.03,0
3606,215.78,0
3607,665.81,0
3608,349.97,0
3609,420.37,0
3610,354.84,0
3611,483.33,0
3612,281.25,0
3613,109.5,0
3614,253.24,0
3615,693.68,0
3616,543.44,0
3617,276.98,0
3618,319.91,0
3619,456.03,0
3620,258.64,0
3621,406.25,0
3622,272.09,0
3623,171.72,0
3624,627.32,0
3625,335.15,0
3626,245.02,0
3627,261.1,0
3628,556.05,0
3629,227.56,0
3630,428.87,0
3631,278.61,0
3632,542.14,0
3633,453.81,0
3634,908.92,0
3635,273.93,0
3636,758.19,0
3637,479.95,0
3638,467.7,0
3639,628.86,0
3640,401.0,0
3641,280.23,0
3642,343.77,0
3643,381.42,0
3644,320.25,0
3645,367.23,0
3646,436.4,0
3647,300.29,0
3648,431.85,0
3649,387.5,0
3650,256.36,0
3651,368.18,0
3652,308.05,0
3653,244.18,0
3654,561.05,0
3655,483.72,0
3656,301.45,0
3657,687.42,0
3658,591.02,0
3659,283.45,0
3660,260.5,0
3661,424.32,0
3662,393.44,0
3663,484.19,0
3664,459.62,0
3665,680.73,0
3666,432.41,0
3667,154.73,0
3668,394.03,0
3669,608.35,0
3670,663.46,0
3671,280.49,0
3672,506.35,0
3673,333.4,0
3674,429.3,0
3675,551.89,0
3676,738.64,0
3677,357.05,0
3678,582.94,0
3679,367.71,0
3680,220.57,0
3681,427.17,0
3682,337.68,0
3683,472.31,0
3684,1034.81,0
3685,451.28,0
3686,393.79,0
3687,503.09,0
3688,302.16,0
3689,550.94,0
3690,244.38,0
3691,502.2,0
3692,318.29,0
3693,510.29,0
3694,877.38,0
3695,333.72,0
3696,544.58,0
3697,293.25,0
3698,421.09,0
3699,404.08,0
3700,761.7,0
3701,599.17,0
3702,414.43,0
3703,312.22,0
3704,213.97,0
3705,413.89,0
3706,696.01,0
3707,245.26,0
3708,962.16,0
3709,480.76,0
3710,208.17,0
3711,298.62,0
3712,550.09,0
3713,472.82,0
3714,345.65,0
3715,366.71,0
3716,319.95,0
3717,292.57,0
3718,306.56,0
3719,300.99,0
3720,342.06,0
3721,527.58,0
3722,187.01,0
3723,378.48,0
3724,421.08,0
3725,458.92,0
3726,550.51,0
3727,564.34,0
3728,327.93,0
3729,239.07,0
3730,291.27,0
3731,432.72,0
3732,723.1,0
3733,639.65,0
3734,166.72,0
3735,356.97,0
3736,371.96,0
3737,266.14,0
3738,368.76,0
3739,478.49,0
3740,455.57,0
3741,394.2,0
3742,341.03,0
3743,184.95,0
3744,640.78,0
3745,601.56,0
3746,414.36,0
3747,288.94,0
3748,1181.05,0
3749,271.99,0
3750,365.9,0
3751,354.43,0
3752,496.09,0
3753,308.68,0
3754,716.4,0
3755,359.73,0
3756,331.08,0
3757,250.87,0
3758,786.03,0
3759,331.66,0
3760,422.75,0
3761,445.86,0
3762,464.38,0
3763,450.16,0
3764,316.16,0
3765,549.1,0
3766,269.2,0
3767,314.09,0
3768,236.38,0
3769,545.37,0
3770,958.42,0
3771,496.21,0
3772,374.04,0
3773,229.47,0
3774,498.49,0
3775,360.18,0
3776,497.15,0
3777,594.97,0
3778,407.94,0
3779,312.11,0
3780,464.42,0
3781,455.83,0
3782,362.71,0
3783,354.33,0
3784,577.82,0
3785,398.28,0
3786,683.85,0
3787,495.72,0
3788,490.83,0
3789,182.44,0
3790,463.05,0
3791,723.28,0
3792,473.05,0
3793,351.88,0
3794,257.94,0
3795,233.96,0
3796,1025.62,0
3797,215.41,0
3798,484.6,0
3799,894.14,0
3800,384.95,0
3801,930.23,0
3802,506.14,0
3803,388.33,0
3804,495.58,0
3805,18724.9,1
3806,284.02,0
3807,481.04,0
3808,543.14,0
3809,403.55,0
3810,431.77,0
3811,877.9,0
3812,318.25,0
3813,867.29,0
3814,604.29,0
3815,417.47,0
3816,255.49,0
3817,252.49,0
3818,545.16,0
3819,414.78,0
3820,575.88,0
3821,548.74,0
3822,543.51,0
3823,485.92,0
3824,693.9,0
3825,492.58,0
3826,13606.01,1
3827,440.3,0
3828,340.73,0
3829,332.75,0
3830,319.25,0
3831,551.29,0
3832,445.72,0
3833,334.41,0
3834,346.79,0
3835,434.72,0
3836,334.17,0
3837,267.58,0
3838,371.64,0
3839,516.09,0
3840,497.59,0
3841,219.5,0
3842,525.52,0
3843,387.79,0
3844,492.02,0
3845,422.47,0
3846,298.59,0
3847,383.79,0
3848,479.88,0
3849,853.23,0
3850,748.36,0
3851,282.12,0
3852,585.9,0
3853,960.05,0
3854,260.08,0
3855,399.16,0
3856,309.33,0
3857,569.32,0
3858,731.56,0
3859,769.51,0
3860,472.94,0
3861,350.36,0
3862,742.49,0
3863,730.35,0
3864,460.64,0
3865,531.41,0
3866,487.96,0
3867,309.03,0
3868,314.63,0
3869,327.52,0
3870,270.45,0
3871,407.12,0
3872,403.84,0
3873,390.2,0
3874,379.04,0
3875,1022.85,0
3876,351.85,0
3877,336.2,0
3878,415.73,0
3879,433.62,0
3880,302.28,0
3881,456.17,0
3882,270.47,0
3883,505.29,0
3884,451.53,0
3885,164.41,0
3886,314.77,0
3887,266.61,0
3888,261.2,0
3889,496.9,0
3890,224.88,0
3891,358.21,0
3892,304.08,0
3893,860.17,0
3894,216.24,0
3895,726.56,0
3896,384.46,0
3897,366.59,0
3898,274.27,0
3899,141.03,0
3900,285.03,0
3901,334.61,0
3902,240.22,0
3903,191.38,0
3904,644.27,0
3905,350.8,0
3906,559.79,0
3907,187.34,0
3908,588.31,0
3909,460.19,0
3910,658.48,0
3911,425.5,0
3912,500.94,0
3913,318.37,0
3914,395.15,0
3915,299.29,0
3916,661.23,0
3917,547.67,0
3918,468.41,0
3919,263.08,0
3920,260.25,0
3921,290.17,0
3922,750.29,0
3923,757.97,0
3924,347.84,0
3925,348.21,0
3926,306.35,0
3927,883.35,0
3928,770.58,0
3929,522.25,0
3930,256.7,0
3931,544.77,0
3932,1575.17,0
3933,348.37,0
3934,602.73,0
3935,699.93,0
3936,632.74,0
3937,913.24,0
3938,14636.31,1
3939,182.62,0
3940,937.55,0
3941,364.8,0
3942,303.02,0
3943,230.41,0
3944,155.65,0
3945,262.41,0
3946,389.94,0
3947,277.86,0
3948,331.83,0
3949,518.57,0
3950,516.6,0
3951,400.8,0
3952,683.41,0
3953,658.42,0
3954,366.23,0
3955,406.92,0
3956,517.28,0
3957,427.75,0
3958,513.24,0
3959,684.86,0
3960,597.16,0
3961,310.62,0
3962,975.78,0
3963,737.01,0
3964,600.64,0
3965,219.42,0
3966,305.0,0
3967,516.39,0
3968,534.52,0
3969,219.22,0
3970,639.97,0
3971,401.75,0
3972,292.52,0
3973,285.37,0
3974,344.69,0
3975,270.76,0
3976,603.43,0
3977,300.86,0
3978,458.81,0
3979,761.18,0
3980,208.83,0
3981,175.44,0
3982,768.83,0
3983,523.41,0
3984,265.97,0
3985,597.99,0
3986,513.62,0
3987,192.79,0
3988,318.35,0
3989,506.48,0
3990,254.49,0
3991,503.08,0
3992,217.03,0
3993,480.99,0
3994,194.49,0
3995,309.19,0
3996,354.02,0
3997,398.26,0
3998,258.71,0
3999,465.46,0
4000,334.38,0
4001,540.4,0
4002,479.75,0
4003,572.52,0
4004,320.39,0
4005,396.7,0
4006,733.14,0
4007,117.17,0
4008,130.76,0
4009,256.05,0
4010,318.35,0
4011,279.85,0
4012,437.95,0
4013,412.07,0
4014,279.2,0
4015,429.9,0
4016,417.75,0
4017,281.9,0
4018,580.58,0
4019,378.39,0
4020,428.74,0
4021,828.42,0
4022,553.67,0
4023,337.63,0
4024,554.15,0
4025,580.98,0
4026,257.42,0
4027,220.4,0
4028,313.42,0
4029,421.78,0
4030,486.75,0
4031,273.55,0
4032,464.99,0
4033,334.53,0
4034,417.83,0
4035,1080.98,0
4036,357.34,0
4037,1051.49,0
4038,483.3,0
4039,784.55,0
4040,435.47,0
4041,446.88,0
4042,280.26,0
4043,695.15,0
4044,513.3,0
4045,375.68,0
4046,476.0,0
4047,569.45,0
4048,492.24,0
4049,294.81,0
4050,263.04,0
4051,539.41,0
4052,286.72,0
4053,565.36,0
4054,271.28,0
4055,687.6,0
4056,367.0,0
4057,707.38,0
4058,979.03,0
4059,269.98,0
4060,647.33,0
4061,543.97,0
4062,401.02,0
4063,407.6,0
4064,313.94,0
4065,357.34,0
4066,428.99,0
4067,218.7,0
4068,217.6,0
4069,338.24,0
4070,728.14,0
4071,744.63,0
4072,419.39,0
4073,524.84,0
4074,3931.03,1
4075,389.34,0
4076,357.47,0
4077,329.5,0
4078,369.01,0
4079,281.49,0
4080,436.01,0
4081,711.0,0
4082,553.17,0
4083,608.67,0
4084,359.2,0
4085,498.95,0
4086,512.94,0
4087,450.76,0
4088,324.97,0
4089,325.17,0
4090,244.5,0
4091,658.15,0
4092,520.76,0
4093,343.41,0
4094,848.77,0
4095,382.64,0
4096,471.12,0
4097,328.16,0
4098,446.16,0
4099,538.9,0
4100,266.98,0
4101,548.11,0
4102,437.71,0
4103,498.96,0
4104,540.69,0
4105,430.34,0
4106,379.72,0
4107,546.79,0
4108,314.73,0
4109,855.72,0
4110,327.8,0
4111,447.97,0
4112,636.89,0
4113,557.16,0
4114,319.82,0
4115,569.07,0
4116,400.1,0
4117,360.21,0
4118,630.0,0
4119,328.55,0
4120,318.44,0
4121,457.23,0
4122,629.09,0
4123,871.69,0
4124,408.67,0
4125,789.64,0
4126,483.7,0
4127,509.08,0
4128,403.84,0
4129,282.12,0
4130,301.03,0
4131,399.67,0
4132,678.42,0
4133,269.22,0
4134,193.27,0
4135,455.61,0
4136,265.34,0
4137,262.35,0
4138,410.76,0
4139,270.06,0
4140,370.79,0
4141,229.06,0
4142,410.36,0
4143,625.1,0
4144,501.96,0
4145,261.51,0
4146,237.59,0
4147,378.22,0
4148,365.19,0
4149,524.68,0
4150,552.29,0
4151,676.03,0
4152,287.03,0
4153,478.06,0
4154,330.58,0
4155,316.24,0
4156,348.5,0
4157,1497.22,0
4158,237.19,0
4159,522.94,0
4160,727.96,0
4161,193.85,0
4162,623.14,0
4163,552.46,0
4164,430.74,0
4165,481.91,0
4166,559.06,0
4167,428.11,0
4168,645.22,0
4169,257.82,0
4170,622.3,0
4171,451.83,0
4172,508.08,0
4173,1067.86,0
4174,373.65,0
4175,260.77,0
4176,255.96,0
4177,301.43,0
4178,246.04,0
4179,262.09,0
4180,878.32,0
4181,657.54,0
4182,313.44,0
4183,450.56,0
4184,323.83,0
4185,797.06,0
4186,454.68,0
4187,485.39,0
4188,266.29,0
4189,639.66,0
4190,360.15,0
4191,394.95,0
4192,237.54,0
4193,987.02,0
4194,402.43,0
4195,595.83,0
4196,325.0,0
4197,325.67,0
4198,455.68,0
4199,876.98,0
4200,257.67,0
4201,566.88,0
4202,195.5,0
4203,270.77,0
4204,225.16,0
4205,346.69,0
4206,286.83,0
4207,301.1,0
4208,157.56,0
4209,413.58,0
4210,411.28,0
4211,452.95,0
4212,683.13,0
4213,231.1,0
4214,128.68,0
4215,395.08,0
4216,338.56,0
4217,288.98,0
4218,260.29,0
4219,376.94,0
4220,6378.85,1
4221,203.84,0
4222,334.77,0
4223,206.75,0
4224,490.59,0
4225,526.03,0
4226,693.58,0
4227,454.52,0
4228,452.29,0
4229,497.86,0
4230,600.2,0
4231,390.76,0
4232,364.76,0
4233,290.1,0
4234,415.24,0
4235,586.82,0
4236,187.3,0
4237,638.87,0
4238,462.55,0
4239,1424.22,0
4240,179.57,0
4241,505.93,0
4242,484.5,0
4243,714.99,0
4244,422.01,0
4245,179.02,0
4246,11063.34,1
4247,267.58,0
4248,138.71,0
4249,369.35,0
4250,439.83,0
4251,462.25,0
4252,357.54,0
4253,309.37,0
4254,652.71,0
4255,913.45,0
4256,601.22,0
4257,323.93,0
4258,253.37,0
4259,254.41,0
4260,660.04,0
4261,547.05,0
4262,437.51,0
4263,243.49,0
4264,520.7,0
4265,477.12,0
4266,353.84,0
4267,208.68,0
4268,796.93,0
4269,461.99,0
4270,299.9,0
4271,432.9,0
4272,407.45,0
4273,132.52,0
4274,148.4,0
4275,468.5,0
4276,684.41,0
4277,480.15,0
4278,188.81,0
4279,378.83,0
4280,497.52,0
4281,311.07,0
4282,281.06,0
4283,735.1,0
4284,300.64,0
4285,346.63,0
4286,394.4,0
4287,236.51,0
4288,372.57,0
4289,555.5,0
4290,367.5,0
4291,275.05,0
4292,696.72,0
4293,585.01,0
4294,139.16,0
4295,728.68,0
4296,340.52,0
4297,228.07,0
4298,315.8,0
4299,221.12,0
4300,546.05,0
4301,546.44,0
4302,441.77,0
4303,342.21,0
4304,774.56,0
4305,591.82,0
4306,684.68,0
4307,214.07,0
4308,588.52,0
4309,454.18,0
4310,369.51,0
4311,596.94,0
4312,405.51,0
4313,348.12,0
4314,739.51,0
4315,208.82,0
4316,291.25,0
4317,581.89,0
4318,238.14,0
4319,469.76,0
4320,339.79,0
4321,450.26,0
4322,341.39,0
4323,396.87,0
4324,570.2,0
4325,283.84,0
4326,953.35,0
4327,324.38,0
4328,457.89,0
4329,369.07,0
4330,430.71,0
4331,6568.74,1
4332,377.7,0
4333,550.98,0
4334,451.99,0
4335,835.91,0
4336,550.36,0
4337,403.17,0
4338,333.01,0
4339,769.25,0
4340,292.9,0
4341,386.68,0
4342,373.59,0
4343,580.48,0
4344,420.06,0
4345,288.62,0
4346,338.39,0
4347,516.53,0
4348,654.72,0
4349,642.47,0
4350,599.92,0
4351,370.03,0
4352,404.62,0
4353,367.18,0
4354,627.39,0
4355,756.24,0
4356,640.16,0
4357,252.1,0
4358,484.83,0
4359,240.83,0
4360,390.5,0
4361,267.47,0
4362,1627.95,0
4363,648.91,0
4364,282.9,0
4365,742.16,0
4366,826.91,0
4367,1023.17,0
4368,336.88,0
4369,1138.29,0
4370,452.72,0
4371,262.45,0
4372,238.04,0
4373,530.55,0
4374,320.09,0
4375,316.51,0
4376,630.59,0
4377,823.7,0
4378,271.27,0
4379,282.68,0
4380,594.13,0
4381,617.85,0
4382,252.63,0
4383,340.37,0
4384,239.78,0
4385,439.67,0
4386,1084.6,0
4387,324.98,0
4388,361.29,0
4389,876.7,0
4390,926.19,0
4391,677.49,0
4392,440.02,0
4393,566.45,0
4394,606.49,0
4395,515.32,0
4396,1440.75,0
4397,811.62,0
4398,522.58,0
4399,312.16,0
4400,530.37,0
4401,726.79,0
4402,931.43,0
4403,456.12,0
4404,260.33,0
4405,493.7,0
4406,838.54,0
4407,549.48,0
4408,480.36,0
4409,266.38,0
4410,290.84,0
4411,532.37,0
4412,645.86,0
4413,260.44,0
4414,452.5,0
4415,463.51,0
4416,309.82,0
4417,521.13,0
4418,424.72,0
4419,376.63,0
4420,327.89,0
4421,304.61,0
4422,220.3,0
4423,211.06,0
4424,175.0,0
4425,503.1,0
4426,374.86,0
4427,255.06,0
4428,292.17,0
4429,200.77,0
4430,7549.67,1
4431,345.62,0
4432,286.23,0
4433,494.79,0
4434,323.1,0
4435,272.53,0
4436,158.32,0
4437,272.54,0
4438,947.18,0
4439,361.08,0
4440,550.26,0
4441,248.35,0
4442,499.08,0
4443,662.31,0
4444,313.99,0
4445,377.35,0
4446,197.7,0
4447,691.74,0
4448,622.81,0
4449,278.6,0
4450,673.38,0
4451,640.7,0
4452,274.27,0
4453,333.78,0
4454,332.73,0
4455,648.44,0
4456,683.55,0
4457,1170.33,0
4458,397.98,0
4459,592.77,0
4460,455.13,0
4461,415.73,0
4462,362.07,0
4463,557.48,0
4464,491.82,0
4465,326.38,0
4466,692.56,0
4467,692.21,0
4468,309.12,0
4469,344.63,0
4470,439.34,0
4471,983.67,0
4472,206.85,0
4473,355.96,0
4474,263.27,0
4475,603.66,0
4476,567.89,0
4477,786.18,0
4478,461.01,0
4479,246.73,0
4480,264.07,0
4481,611.51,0
4482,724.33,0
4483,383.02,0
4484,511.61,0
4485,275.96,0
4486,489.8,0
4487,399.94,0
4488,153.16,0
4489,244.53,0
4490,258.44,0
4491,201.42,0
4492,235.49,0
4493,328.75,0
4494,932.95,0
4495,209.05,0
4496,201.32,0
4497,292.27,0
4498,788.02,0
4499,420.81,0
4500,180.72,0
4501,547.78,0
4502,921.0,0
4503,468.9,0
4504,536.04,0
4505,567.36,0
4506,412.36,0
4507,649.9,0
4508,295.34,0
4509,435.77,0
4510,441.1,0
4511,585.42,0
4512,407.54,0
4513,1382.25,0
4514,508.48,0
4515,476.43,0
4516,826.86,0
4517,193.48,0
4518,469.43,0
4519,322.32,0
4520,410.06,0
4521,580.86,0
4522,10135.63,1
4523,416.98,0
4524,369.19,0
4525,181.28,0
4526,442.75,0
4527,313.06,0
4528,639.63,0
4529,233.71,0
4530,301.29,0
4531,513.7,0
4532,376.6,0
4533,271.29,0
4534,327.21,0
4535,349.21,0
4536,382.31,0
4537,393.67,0
4538,708.7,0
4539,364.03,0
4540,284.08,0
4541,480.93,0
4542,421.81,0
4543,354.55,0
4544,352.42,0
4545,247.33,0
4546,288.75,0
4547,293.9,0
4548,323.71,0
4549,438.87,0
4550,375.62,0
4551,342.01,0
4552,420.86,0
4553,848.72,0
4554,425.6,0
4555,360.21,0
4556,339.24,0
4557,208.5,0
4558,348.55,0
4559,244.17,0
4560,258.94,0
4561,244.36,0
4562,220.1,0
4563,433.04,0
4564,509.96,0
4565,278.03,0
4566,423.08,0
4567,287.68,0
4568,224.09,0
4569,271.09,0
4570,372.87,0
4571,365.26,0
4572,214.01,0
4573,381.99,0
4574,412.46,0
4575,655.52,0
4576,779.12,0
4577,531.28,0
4578,533.04,0
4579,730.43,0
4580,499.63,0
4581,564.69,0
4582,275.04,0
4583,430.88,0
4584,558.33,0
4585,456.4,0
4586,589.47,0
4587,411.58,0
4588,618.27,0
4589,468.31,0
4590,322.95,0
4591,578.7,0
4592,912.43,0
4593,252.94,0
4594,424.38,0
4595,599.15,0
4596,650.25,0
4597,524.71,0
4598,457.66,0
4599,455.95,0
4600,282.97,0
4601,255.25,0
4602,603.44,0
4603,309.79,0
4604,304.45,0
4605,548.1,0
4606,551.07,0
4607,351.36,0
4608,387.34,0
4609,879.95,0
4610,455.41,0
4611,776.01,0
4612,230.43,0
4613,493.5,0
4614,526.41,0
4615,486.13,0
4616,358.62,0
4617,816.79,0
4618,293.88,0
4619,232.28,0
4620,364.15,0
4621,323.76,0
4622,246.92,0
4623,229.28,0
4624,928.11,0
4625,813.31,0
4626,669.48,0
4627,228.54,0
4628,526.14,0
4629,9426.72,1
4630,306.03,0
4631,22683.5,1
4632,554.65,0
4633,221.38,0
4634,698.02,0
4635,565.52,0
4636,328.61,0
4637,430.6,0
4638,283.75,0
4639,258.63,0
4640,379.7,0
4641,796.83,0
4642,364.17,0
4643,289.52,0
4644,207.74,0
4645,271.73,0
4646,597.46,0
4647,1619.23,0
4648,383.44,0
4649,523.65,0
4650,518.77,0
4651,368.17,0
4652,206.39,0
4653,615.45,0
4654,435.98,0
4655,590.24,0
4656,616.37,0
4657,215.5,0
4658,307.08,0
4659,502.91,0
4660,495.23,0
4661,327.44,0
4662,378.83,0
4663,457.68,0
4664,219.87,0
4665,539.24,0
4666,372.81,0
4667,516.49,0
4668,698.52,0
4669,315.85,0
4670,330.04,0
4671,340.35,0
4672,519.51,0
4673,237.73,0
4674,376.01,0
4675,297.28,0
4676,385.88,0
4677,177.12,0
4678,426.88,0
4679,374.55,0
4680,597.81,0
4681,406.59,0
4682,315.28,0
4683,295.16,0
4684,211.99,0
4685,396.41,0
4686,150.37,0
4687,518.55,0
4688,573.84,0
4689,249.58,0
4690,677.06,0
4691,872.68,0
4692,269.12,0
4693,418.66,0
4694,613.7,0
4695,652.15,0
4696,380.02,0
4697,17003.58,1
4698,352.78,0
4699,465.17,0
4700,214.39,0
4701,596.61,0
4702,239.18,0
4703,678.15,0
4704,244.77,0
4705,524.05,0
4706,614.46,0
4707,280.85,0
4708,503.35,0
4709,376.91,0
4710,561.94,0
4711,355.41,0
4712,787.91,0
4713,312.82,0
4714,567.33,0
4715,258.14,0
4716,535.32,0
4717,12442.14,1
4718,407.6,0
4719,468.37,0
4720,512.93,0
4721,514.54,0
4722,234.53,0
4723,356.21,0
4724,251.7,0
4725,299.76,0
4726,409.85,0
4727,296.98,0
4728,371.95,0
4729,325.63,0
4730,339.64,0
4731,536.68,0
4732,785.73,0
4733,471.88,0
4734,523.12,0
4735,453.22,0
4736,623.36,0
4737,413.94,0
4738,374.95,0
4739,569.02,0
4740,398.76,0
4741,261.48,0
4742,627.09,0
4743,613.38,0
4744,141.75,0
4745,234.83,0
4746,453.39,0
4747,578.9,0
4748,254.41,0
4749,308.88,0
4750,729.44,0
4751,193.42,0
4752,330.69,0
4753,439.27,0
4754,555.94,0
4755,252.24,0
4756,182.58,0
4757,364.3,0
4758,402.41,0
4759,615.28,0
4760,830.41,0
4761,441.49,0
4762,220.82,0
4763,315.92,0
4764,534.18,0
4765,322.97,0
4766,314.56,0
4767,240.08,0
4768,571.22,0
4769,562.22,0
4770,578.09,0
4771,861.1,0
4772,668.14,0
4773,365.87,0
4774,270.27,0
4775,403.13,0
4776,482.84,0
4777,320.17,0
4778,121.11,0
4779,327.95,0
4780,172.72,0
4781,379.51,0
4782,295.57,0
4783,420.0,0
4784,813.73,0
4785,464.3,0
4786,363.48,0
4787,346.29,0
4788,215.32,0
4789,369.98,0
4790,208.78,0
4791,462.95,0
4792,222.74,0
4793,615.21,0
4794,375.83,0
4795,1020.97,0
4796,389.43,0
4797,351.28,0
4798,233.23,0
4799,268.23,0
4800,356.49,0
4801,276.43,0
4802,220.31,0
4803,211.32,0
4804,350.07,0
4805,216.21,0
4806,401.34,0
4807,431.78,0
4808,586.85,0
4809,224.59,0
4810,469.67,0
4811,473.18,0
4812,1463.05,0
4813,696.25,0
4814,11251.03,1
4815,425.29,0
4816,396.47,0
4817,398.32,0
4818,540.47,0
4819,163.25,0
4820,5120.58,1
4821,231.1,0
4822,469.02,0
4823,430.97,0
4824,291.78,0
4825,360.54,0
4826,140.62,0
4827,609.41,0
4828,359.38,0
4829,250.66,0
4830,338.11,0
4831,310.39,0
4832,473.11,0
4833,937.32,0
4834,692.99,0
4835,452.36,0
4836,304.07,0
4837,647.6,0
4838,502.16,0
4839,693.12,0
4840,6687.58,1
4841,288.43,0
4842,458.98,0
4843,621.87,0
4844,197.69,0
4845,250.1,0
4846,679.4,0
4847,690.9,0
4848,244.54,0
4849,448.23,0
4850,354.21,0
4851,509.5,0
4852,365.82,0
4853,277.59,0
4854,623.33,0
4855,273.27,0
4856,381.07,0
4857,139.31,0
4858,407.64,0
4859,506.17,0
4860,298.56,0
4861,239.45,0
4862,337.46,0
4863,497.01,0
4864,224.05,0
4865,289.17,0
4866,293.76,0
4867,170.42,0
4868,898.88,0
4869,252.49,0
4870,269.99,0
4871,389.51,0
4872,740.82,0
4873,253.58,0
4874,629.95,0
4875,390.25,0
4876,511.46,0
4877,257.68,0
4878,645.41,0
4879,385.95,0
4880,380.28,0
4881,459.95,0
4882,517.39,0
4883,428.98,0
4884,279.77,0
4885,461.5,0
4886,584.62,0
4887,337.33,0
4888,387.65,0
4889,134.96,0
4890,380.29,0
4891,340.57,0
4892,479.51,0
4893,296.35,0
4894,232.85,0
4895,432.24,0
4896,360.55,0
4897,632.82,0
4898,389.21,0
4899,332.62,0
4900,390.88,0
4901,288.94,0
4902,526.85,0
4903,236.22,0
4904,577.54,0
4905,309.21,0
4906,323.89,0
4907,396.98,0
4908,257.08,0
4909,890.09,0
4910,489.83,0
4911,1137.64,0
4912,763.86,0
4913,927.83,0
4914,5414.73,1
4915,451.2,0
4916,356.41,0
4917,345.55,0
4918,210.79,0
4919,612.59,0
4920,545.27,0
4921,511.14,0
4922,145.62,0
4923,456.42,0
4924,463.13,0
4925,480.85,0
4926,321.43,0
4927,367.08,0
4928,515.01,0
4929,408.66,0
4930,555.21,0
4931,284.58,0
4932,1253.99,0
4933,427.88,0
4934,266.31,0
4935,880.49,0
4936,457.21,0
4937,475.02,0
4938,386.46,0
4939,229.66,0
4940,230.11,0
4941,727.64,0
4942,330.94,0
4943,736.19,0
4944,396.67,0
4945,461.42,0
4946,336.1,0
4947,404.96,0
4948,637.63,0
4949,410.12,0
4950,569.91,0
4951,423.32,0
4952,362.55,0
4953,235.56,0
4954,387.41,0
4955,460.38,0
4956,200.65,0
4957,416.87,0
4958,386.24,0
4959,745.29,0
4960,182.99,0
4961,193.75,0
4962,583.94,0
4963,481.07,0
4964,485.6,0
4965,531.51,0
4966,463.03,0
4967,426.19,0
4968,602.61,0
4969,287.09,0
4970,9327.97,1
4971,327.65,0
4972,609.79,0
4973,215.36,0
4974,282.55,0
4975,301.13,0
4976,17646.32,1
4977,332.88,0
4978,469.21,0
4979,139.42,0
4980,556.02,0
4981,753.02,0
4982,311.9,0
4983,245.34,0
4984,564.79,0
4985,293.53,0
4986,294.58,0
4987,286.28,0
4988,426.7,0
4989,307.45,0
4990,161.73,0
4991,255.94,0
4992,685.06,0
4993,374.66,0
4994,312.76,0
4995,267.28,0
4996,359.87,0
4997,382.24,0
4998,708.27,0
4999,657.12,0
5000,365.59,0
