week,ad_spend_k,revenue_k
1,23.531,79.011
2,40.651,148.459
3,32.91,113.256
4,40.889,144.249
5,43.289,155.09
6,43.239,142.032
7,6.462,36.517
8,36.956,142.838
9,8.019,49.81
10,49.536,189.446
11,45.502,163.854
12,4.895,35.88
13,23.363,109.159
14,20.262,64.474
15,21.028,82.004
16,35.983,129.461
17,44.722,172.469
18,34.498,132.908
19,20.694,88.647
20,21.703,76.048
21,34.903,126.544
22,32.479,114.33
23,5.118,41.008
24,40.06,154.708
25,37.198,126.501
26,16.932,63.56
27,2.516,20.845
28,46.413,162.179
29,33.062,129.439
30,44.275,140.874
31,5.125,27.793
32,57.297,205.65
33,11.823,55.945
34,2.244,13.703
35,13.407,48.541
36,14.228,55.678
37,57.416,197.163
38,37.186,119.412
39,7.983,32.593
40,54.214,179.246
41,51.776,152.002
42,27.462,111.219
43,34.578,127.451
44,49.36,160.643
45,22.129,84.109
46,16.153,65.603
47,45.906,157.092
48,34.211,109.053
49,40.948,139.805
50,7.782,26.415
51,26.074,99.016
52,8.483,38.199
53,16.596,60.268
54,55.303,191.314
55,43.791,151.536
56,24.704,86.186
57,13.553,51.443
58,11.494,45.445
59,12.843,35.164
60,42.72,157.181
61,43.433,155.801
62,47.736,163.906
63,7.174,25.419
64,34.04,131.775
65,10.017,40.65
66,55.596,195.325
67,12.295,47.053
68,29.799,122.579
69,54.606,196.945
70,21.986,81.299
71,57.695,200.705
72,28.547,116.216
73,39.955,141.798
74,2.672,18.171
75,45.322,150.62
76,30.308,107.022
77,4.309,16.939
78,14.158,61.421
79,52.812,184.741
80,26.284,102.327
81,39.06,144.432
82,41.304,152.709
83,33.265,119.842
84,23.373,83.198
85,39.973,143.321
86,31.606,112.654
87,34.477,114.42
88,50.831,178.056
89,10.166,49.868
90,2.472,18.426
91,29.38,108.314
92,49.557,163.147
93,54.563,191.858
94,29.869,100.101
95,51.874,178.379
96,28.48,109.409
97,24.652,83.699
98,58.629,185.131
99,8.026,37.349
100,4.594,30.854
101,41.605,147.236
102,19.763,78.36
103,37.406,131.099
104,14.23,41.251
105,27.218,88.453
106,46.394,150.775
107,20.327,77.469
108,3.521,18.267
109,22.579,80.016
110,50.84,180.77
111,45.61,149.571
112,59.476,202.104
113,17.151,64.777
114,40.765,144.497
115,38.679,131.459
116,7.445,39.167
117,54.758,195.804
118,22.067,73.944
119,46.409,170.175
120,37.313,129.298
121,39.399,142.989
122,3.624,16.97
123,5.115,20.192
124,6.192,26.62
125,13.918,55.955
126,50.648,170.531
127,56.27,198.082
128,13.115,49.513
129,7.236,40.769
130,46.891,159.051
131,34.747,115.553
132,10.873,53.071
133,55.441,198.312
134,20.895,74.3
135,26.082,89.067
136,15.486,59.056
137,58.343,199.066
138,38.271,132.319
139,48.588,158.564
140,52.097,175.545
141,44.494,152.469
142,29.21,111.35
143,4.596,30.92
144,35.733,147.493
145,50.996,180.689
146,51.814,166.696
147,28.138,91.692
148,15.788,65.545
149,12.752,50.142
150,51.795,176.381
151,12.374,47.442
152,12.582,40.815
153,26.947,103.404
154,17.486,70.051
155,2.64,15.573
156,9.124,44.696
157,43.619,143.03
158,34.163,127.004
159,53.121,174.955
160,29.466,117.752
161,16.059,68.717
162,10.81,46.301
163,26.472,79.925
164,45.063,162.582
165,13.701,66.355
166,32.954,132.506
167,17.18,66.257
168,37.469,136.901
169,13.935,45.554
170,19.65,70.435
171,7.67,45.148
172,6.255,38.935
173,50.88,156.878
174,49.107,164.302
175,51.357,178.32
176,30.751,117.773
177,59.265,190.173
178,28.984,105.83
179,22.471,80.952
180,27.661,92.664
181,19.314,82.879
182,41.577,146.679
183,21.524,77.724
184,30.361,134.114
185,15.221,69.355
186,29.668,112.623
187,45.799,174.069
188,36.698,140.105
189,42.837,136.538
190,38.534,134.68
191,2.921,6.389
192,56.734,171.752
193,27.36,114.068
194,48.161,167.787
195,15.241,66.603
196,33.858,118.3
197,53.807,201.089
198,47.672,153.063
199,51.796,158.391
200,4.373,23.194
201,47.827,168.548
202,12.702,39.787
203,48.676,180.745
204,49.072,184.005
205,43.455,149.023
206,42.96,155.574
207,3.354,20.691
208,21.105,89.453
209,39.435,129.521
210,20.217,75.38
211,21.002,78.708
212,9.639,47.668
213,52.39,189.349
214,2.817,14.615
215,31.332,105.393
216,58.173,197.993
217,23.071,90.703
218,39.441,141.266
219,23.021,74.574
220,54.177,192.954
221,10.75,52.289
222,52.608,177.949
223,42.481,138.811
224,48.648,158.016
225,7.812,34.118
226,46.579,160.303
227,54.185,188.789
228,5.767,35.566
229,47.206,166.027
230,52.974,180.065
231,9.51,34.958
232,51.52,195.026
233,34.442,117.653
234,54.601,199.689
235,38.415,142.796
236,55.835,176.628
237,46.53,153.263
238,50.313,169.506
239,26.84,109.057
240,37.073,136.206
241,25.229,96.336
242,56.739,187.289
243,39.289,137.212
244,35.876,125.755
245,56.657,197.698
246,12.792,50.322
247,35.31,120.074
248,44.667,155.078
249,34.366,122.671
250,30.079,107.049
251,18.335,70.079
252,2.621,22.432
253,23.224,77.973
254,53.472,179.065
255,40.965,133.39
256,41.244,147.192
257,12.301,52.415
258,10.015,44.854
259,40.518,154.47
260,46.02,168.517
261,56.328,187.026
262,51.853,170.331
263,48.7,165.794
264,31.742,107.166
265,14.572,57.961
266,35.78,121.537
267,13.355,53.686
268,48.787,168.818
269,9.568,38.839
270,38.842,145.206
271,16.983,58.877
272,22.802,85.273
273,5.789,16.009
274,29.551,98.601
275,10.763,51.363
276,47.166,163.11
277,11.257,39.039
278,25.069,97.236
279,56.377,187.302
280,29.908,113.826
281,24.668,80.613
282,32.153,120.464
283,3.749,31.668
284,25.797,112.142
285,9.796,51.922
286,28.638,107.861
287,28.479,109.654
288,14.945,61.155
289,21.396,71.753
290,43.947,155.639
291,32.754,105.961
292,19.232,60.579
293,55.661,188.5
294,2.094,18.374
295,22.13,72.997
296,34.864,121.978
297,15.722,62.076
298,47.012,141.322
299,14.016,49.749
300,27.912,103.514
301,20.255,74.421
302,10.364,57.355
303,40.678,143.59
304,28.566,102.585
305,5.275,23.446
306,42.569,164.899
307,24.09,95.433
308,59.991,204.888
309,53.942,180.704
310,19.09,81.962
311,47.54,169.719
312,3.299,23.805
313,15.685,58.723
314,22.574,95.256
315,8.474,43.698
316,33.578,110.734
317,43.295,147.778
318,37.376,148.628
319,7.244,54.719
320,40.11,136.302
321,46.368,162.862
322,2.199,12.513
323,55.728,180.313
324,27.335,94.99
325,36.095,111.532
326,41.66,156.236
327,32.122,112.879
328,11.835,59.096
329,28.976,116.516
330,28.517,113.604
331,7.17,23.332
332,51.763,178.409
333,29.084,99.33
334,17.866,69.756
335,2.987,28.821
336,7.454,32.894
337,55.021,193.419
338,48.692,182.226
339,13.352,62.925
340,45.091,148.435
341,45.796,155.764
342,14.711,52.342
343,38.437,126.209
344,42.975,152.805
345,22.748,78.89
346,33.889,122.627
347,31.644,111.848
348,34.249,119.31
349,18.85,78.53
350,15.791,66.509
351,30.58,110.857
352,43.837,154.658
353,38.846,140.095
354,17.89,73.601
355,51.421,168.881
356,51.937,171.207
357,27.944,103.156
358,53.981,174.436
359,9.161,46.917
360,57.33,186.076
361,45.737,146.945
362,53.097,180.751
363,55.521,185.353
364,53.328,176.598
365,20.408,84.376
366,45.002,157.186
367,49.524,175.797
368,4.571,26.706
369,31.583,97.811
370,13.077,54.022
371,38.481,142.825
372,25.158,99.401
373,36.821,127.292
374,54.251,185.944
375,48.515,174.551
376,51.124,174.251
377,5.709,27.881
378,24.214,86.106
379,54.967,189.068
380,26.18,105.839
381,33.019,124.14
382,34.612,122.488
383,13.201,62.385
384,2.935,29.63
385,30.702,105.893
386,40.945,134.597
387,55.746,191.308
388,29.417,108.486
389,7.971,43.317
390,58.577,186.681
391,8.709,43.904
392,36.399,128.811
393,51.028,171.782
394,50.95,171.454
395,15.026,50.295
396,5.132,10.411
397,36.503,126.994
398,45.294,161.718
399,33.47,125.001
400,26.026,97.177
401,51.711,180.232
402,15.166,58.859
403,26.406,100.355
404,26.311,108.876
405,2.167,21.552
406,45.418,157.979
407,26.197,90.858
408,59.086,208.995
409,5.762,35.162
410,23.385,83.668
411,30.111,114.744
412,4.371,28.868
413,8.217,46.181
414,26.154,99.831
415,12.743,48.234
416,42.206,146.53
417,25.108,101.574
418,11.74,52.275
419,26.459,98.15
420,6.41,42.047
421,43.888,147.344
422,40.658,147.493
423,22.658,89.871
424,43.687,150.185
425,55.343,182.957
426,44.758,152.811
427,50.132,184.283
428,47.789,172.665
429,4.096,27.269
430,52.526,172.11
431,43.346,144.263
432,11.049,44.164
433,27.096,86.241
434,59.206,216.629
435,59.187,189.497
436,8.213,48.765
437,12.848,52.16
438,16.403,64.969
439,42.31,152.169
440,54.459,193.421
441,13.203,58.163
442,30.852,104.847
443,34.564,130.57
444,37.922,153.291
445,40.137,136.099
446,10.661,37.069
447,34.341,111.973
448,3.635,11.587
449,51.267,167.028
450,49.166,168.615
451,18.264,56.719
452,42.199,145.275
453,11.223,39.579
454,16.823,59.214
455,35.804,128.618
456,42.663,151.161
457,31.395,113.771
458,2.891,9.698
459,10.99,52.747
460,15.904,75.783
461,11.171,49.742
462,48.129,156.275
463,13.852,56.85
464,29.304,112.991
465,10.399,47.906
466,34.958,116.31
467,52.844,183.654
468,51.683,179.358
469,32.356,114.664
470,6.598,34.242
471,26.711,103.646
472,12.631,59.836
473,41.225,148.552
474,14.15,73.186
475,30.958,107.164
476,30.866,111.679
477,38.758,133.872
478,51.974,189.84
479,58.589,203.074
480,22.041,89.789
481,53.363,185.52
482,34.105,116.238
483,36.119,130.183
484,16.572,58.193
485,54.509,190.696
486,57.301,189.97
487,28.224,93.452
488,23.404,91.051
489,34.951,123.125
490,19.117,67.115
491,38.243,128.008
492,26.847,94.949
493,7.174,44.703
494,13.41,46.225
495,48.622,150.496
496,3.595,21.189
497,32.641,121.562
498,8.882,28.856
499,29.835,99.178
500,57.814,194.004
501,49.078,177.053
502,39.838,136.573
503,25.574,101.552
504,21.348,73.214
505,37.951,135.361
506,16.81,81.475
507,2.691,16.374
508,57.933,203.837
509,29.228,99.728
510,47.233,166.742
511,47.078,164.569
512,3.579,27.155
513,58.262,214.919
514,13.5,48.648
515,24.779,95.719
516,57.171,183.432
517,39.713,144.081
518,54.848,187.169
519,53.289,176.372
520,42.896,152.187
521,34.176,118.861
522,30.756,105.418
523,29.896,116.515
524,45.171,158.781
525,34.685,140.605
526,11.849,56.288
527,49.935,171.101
528,26.163,91.42
529,18.859,76.736
530,20.993,94.256
531,25.047,89.504
532,27.319,99.754
533,52.851,180.002
534,46.403,145.516
535,41.064,143.958
536,21.402,89.044
537,18.742,79.416
538,8.613,49.501
539,36.914,125.57
540,6.217,30.845
541,15.847,64.667
542,22.735,90.303
543,38.629,132.384
544,15.309,56.683
545,2.351,14.107
546,15.945,74.508
547,2.102,22.525
548,13.788,50.929
549,59.992,208.281
550,56.793,200.576
551,2.823,22.982
552,23.804,85.144
553,26.835,105.456
554,3.662,12.815
555,20.739,75.693
556,54.991,205.164
557,42.434,156.519
558,19.29,89.599
559,40.106,144.696
560,21.445,75.019
561,10.546,37.142
562,14.282,54.46
563,5.181,32.716
564,41.751,138.782
565,21.507,83.382
566,53.707,177.937
567,37.28,129.241
568,54.929,194.157
569,8.217,41.043
570,12.666,65.691
571,16.56,61.193
572,52.719,177.48
573,23.434,100.292
574,25.241,83.823
575,27.958,104.646
576,52.057,191.825
577,59.308,202.965
578,33.844,130.059
579,11.863,48.249
580,16.73,74.406
581,2.697,1.194
582,13.508,39.703
583,35.965,127.065
584,30.573,102.936
585,21.221,84.866
586,36.587,113.98
587,36.082,137.009
588,12.93,58.373
589,12.775,34.344
590,4.235,25.368
591,12.608,64.319
592,47.117,147.402
593,52.818,174.761
594,40.856,142.053
595,2.375,16.506
596,51.604,172.713
597,50.928,181.073
598,3.4,17.294
599,59.619,199.126
600,51.554,180.914
601,44.25,154.538
602,9.037,41.595
603,53.926,179.78
604,12.199,59.084
605,35.111,119.775
606,58.001,200.532
607,39.226,142.551
608,2.791,32.292
609,33.243,115.034
610,56.121,194.048
611,30.662,115.494
612,24.879,79.803
613,20.127,77.77
614,33.082,108.451
615,3.097,11.188
616,13.87,58.579
617,45.143,140.523
618,48.992,176.557
619,3.882,23.536
620,28.187,106.126
621,23.66,78.892
622,23.674,78.753
623,44.86,157.661
624,30.443,109.193
625,4.93,23.628
626,23.956,97.054
627,4.955,19.407
628,8.071,33.059
629,46.513,170.141
630,15.551,49.623
631,6.125,37.766
632,6.457,40.044
633,36.736,134.794
634,47.607,153.631
635,55.826,197.658
636,2.535,18.317
637,52.081,175.252
638,15.388,48.824
639,25.296,103.071
640,13.969,50.25
641,58.874,194.372
642,46.353,159.181
643,35.136,122.124
644,34.568,125.675
645,33.441,114.476
646,7.214,43.583
647,46.785,171.708
648,38.284,125.903
649,34.948,121.088
650,29.57,116.734
651,12.972,50.445
652,53.578,172.99
653,27.893,111.449
654,41.342,147.957
655,5.084,42.051
656,8.89,35.455
657,20.728,73.511
658,56.887,199.994
659,3.058,41.183
660,42.53,152.149
661,59.282,207.727
662,29.682,103.792
663,9.388,44.31
664,52.101,187.002
665,37.86,127.547
666,10.012,33.398
667,44.189,157.523
668,47.413,152.245
669,3.762,33.12
670,5.487,35.593
671,24.094,86.614
672,8.34,37.07
673,54.056,184.674
674,52.308,175.165
675,58.993,200.631
676,25.173,91.213
677,8.675,43.846
678,21.354,93.701
679,31.629,124.811
680,47.74,173.179
681,14.427,48.655
682,49.874,171.888
683,15.644,60.243
684,2.469,11.182
685,25.383,80.322
686,17.554,57.082
687,16.647,68.176
688,43.086,151.24
689,7.797,37.48
690,24.409,99.098
691,13.166,44.74
692,24.789,100.645
693,22.024,84.023
694,4.572,26.033
695,33.192,112.915
696,15.334,64.371
697,6.443,31.454
698,24.234,88.808
699,58.01,172.418
700,9.491,50.715
701,51.525,189.452
702,44.331,167.038
703,23.761,84.712
704,24.72,99.509
705,31.123,114.234
706,28.398,100.584
707,32.0,111.87
708,22.385,83.062
709,7.161,26.099
710,49.379,165.894
711,44.894,150.215
712,36.825,136.495
713,3.276,16.217
714,8.401,53.022
715,53.404,179.52
716,29.591,90.517
717,10.132,47.813
718,12.124,43.835
719,51.207,169.788
720,53.489,192.917
721,24.686,93.209
722,58.081,214.534
723,44.08,156.413
724,59.747,193.414
725,9.506,55.252
726,17.083,65.305
727,34.308,122.597
728,26.574,97.947
729,20.988,85.19
730,8.908,35.553
731,6.057,25.031
732,59.467,208.849
733,13.58,56.43
734,43.886,152.043
735,51.986,168.462
736,26.086,79.582
737,34.767,132.527
738,12.189,49.83
739,5.674,38.761
740,3.283,26.903
741,34.127,101.568
742,35.387,137.809
743,49.907,171.958
744,42.367,156.293
745,54.766,199.763
746,2.411,7.959
747,44.427,161.421
748,32.631,117.61
749,39.596,137.138
750,26.989,104.408
751,19.423,80.986
752,12.596,38.708
753,47.453,164.047
754,41.544,143.872
755,20.424,74.195
756,48.996,177.699
757,41.816,156.292
758,8.9,25.961
759,5.335,31.746
760,22.815,90.174
761,52.737,189.721
762,47.454,164.454
763,25.576,99.301
764,16.023,67.743
765,37.787,130.011
766,31.641,109.626
767,45.357,152.253
768,2.122,27.016
769,15.366,70.918
770,7.021,25.638
771,15.779,60.037
772,18.853,73.763
773,36.637,139.451
774,43.194,172.971
775,20.75,89.611
776,59.836,200.663
777,10.798,48.62
778,25.446,91.004
779,54.482,187.892
780,6.941,32.45
781,24.612,94.261
782,9.957,34.972
783,10.994,45.695
784,11.187,53.946
785,30.373,118.458
786,43.358,156.417
787,59.704,200.177
788,36.885,131.157
789,7.742,38.223
790,32.383,125.293
791,23.64,105.372
792,40.473,131.405
793,19.839,81.42
794,48.231,162.112
795,3.996,20.877
796,42.845,150.743
797,12.375,35.48
798,28.593,84.319
799,12.373,50.009
800,50.142,185.864
801,19.097,74.531
802,55.802,189.406
803,53.624,182.256
804,22.247,78.595
805,13.27,43.653
806,9.061,29.454
807,11.484,40.796
808,26.151,94.276
809,19.383,77.788
810,3.883,22.601
811,13.26,60.396
812,35.212,111.542
813,45.257,147.635
814,15.852,48.268
815,12.02,59.949
816,36.149,134.772
817,6.021,23.422
818,4.007,26.003
819,12.822,53.526
820,45.728,160.463
821,31.331,124.999
822,26.345,108.008
823,4.197,20.332
824,9.557,49.44
825,53.883,201.877
826,43.695,152.053
827,39.423,146.849
828,12.251,43.421
829,53.891,166.063
830,37.921,135.956
831,38.296,129.337
832,10.095,52.689
833,30.677,93.614
834,7.576,27.721
835,58.481,195.663
836,45.951,173.367
837,58.84,188.882
838,16.449,51.953
839,12.431,48.681
840,22.439,79.459
841,42.662,153.483
842,24.384,91.682
843,46.082,152.219
844,17.613,69.634
845,42.114,145.751
846,33.809,121.869
847,51.056,188.061
848,43.482,142.487
849,6.214,42.331
850,37.58,130.162
851,52.468,185.506
852,20.158,71.763
853,22.142,64.044
854,30.496,105.077
855,30.323,115.439
856,30.815,107.792
857,42.559,152.375
858,2.973,14.382
859,18.041,74.356
860,49.563,168.208
861,30.638,110.145
862,48.293,165.783
863,4.493,36.029
864,55.865,182.672
865,38.654,120.421
866,7.967,56.359
867,38.817,134.019
868,34.036,122.958
869,53.824,183.443
870,10.693,42.751
871,54.239,175.871
872,10.527,66.483
873,29.529,106.521
874,50.077,172.895
875,24.287,84.879
876,9.555,36.641
877,37.396,141.477
878,53.49,165.319
879,43.246,159.222
880,33.301,138.845
881,26.413,94.136
882,19.607,65.457
883,20.272,76.214
884,6.277,31.922
885,48.691,151.485
886,8.292,52.561
887,53.819,181.955
888,47.01,165.314
889,45.721,158.355
890,23.498,87.897
891,44.443,157.031
892,11.258,38.874
893,9.913,49.567
894,51.16,185.609
895,7.379,25.701
896,39.764,145.24
897,26.854,85.633
898,44.704,162.414
899,50.336,179.678
900,17.552,59.905
901,46.151,151.231
902,36.675,139.993
903,54.875,180.399
904,58.628,204.455
905,27.399,99.937
906,41.058,140.146
907,43.349,156.531
908,27.847,95.294
909,34.99,131.405
910,57.249,187.492
911,51.306,176.85
912,6.03,36.838
913,39.66,151.801
914,23.195,84.397
915,51.267,183.026
916,57.739,177.619
917,30.156,108.338
918,48.739,165.671
919,3.369,18.053
920,37.989,134.724
921,45.824,150.218
922,21.666,67.531
923,30.21,100.272
924,25.036,94.804
925,53.554,190.3
926,11.825,46.405
927,8.452,33.624
928,18.163,69.85
929,13.31,51.727
930,14.251,67.886
931,8.034,36.978
932,36.66,121.109
933,42.664,166.118
934,53.729,183.496
935,16.299,55.718
936,14.191,61.007
937,40.075,142.096
938,7.1,34.206
939,46.899,171.365
940,41.884,137.433
941,12.957,44.356
942,40.399,135.02
943,4.335,15.68
944,12.983,48.871
945,17.098,59.263
946,40.422,137.447
947,46.218,165.564
948,17.117,62.153
949,10.602,34.75
950,43.48,172.034
951,13.426,68.003
952,8.214,24.425
953,50.634,179.38
954,12.126,50.873
955,57.564,190.348
956,50.936,174.431
957,59.914,208.986
958,41.181,152.427
959,51.16,190.959
960,47.124,151.802
961,6.907,36.596
962,9.408,48.899
963,11.214,47.641
964,24.103,79.561
965,56.235,187.797
966,16.955,60.379
967,15.184,53.708
968,37.723,134.557
969,43.195,155.682
970,17.199,70.135
971,9.237,28.838
972,39.09,135.268
973,45.293,154.964
974,38.777,131.287
975,5.947,21.789
976,34.666,127.879
977,48.8,173.452
978,38.948,134.313
979,27.658,100.464
980,7.654,41.548
981,19.592,73.368
982,4.862,27.445
983,41.941,153.548
984,13.063,52.516
985,56.77,197.648
986,6.038,35.749
987,45.207,158.107
988,15.409,74.835
989,35.659,136.325
990,2.366,28.621
991,5.746,33.422
992,16.774,50.161
993,23.962,98.428
994,3.917,13.961
995,30.715,112.668
996,39.391,147.366
997,24.003,92.895
998,35.621,133.82
999,31.729,104.833
1000,51.069,186.069
1001,58.26,192.742
1002,54.244,173.522
1003,43.678,156.271
1004,13.516,63.733
1005,50.609,159.611
1006,9.589,45.456
1007,26.036,102.81
1008,27.232,109.96
1009,17.832,63.518
1010,49.515,164.548
1011,49.648,168.384
1012,41.281,149.433
1013,24.628,86.037
1014,29.898,106.548
1015,2.32,16.661
1016,51.223,171.769
1017,49.918,169.93
1018,21.615,86.007
1019,15.92,70.894
1020,6.662,13.052
1021,29.815,111.411
1022,54.037,165.628
1023,28.704,98.395
1024,16.681,70.799
1025,44.811,153.414
1026,23.789,78.422
1027,31.919,112.892
1028,36.398,132.789
1029,29.28,100.465
1030,7.581,46.673
1031,31.032,106.179
1032,40.75,144.077
1033,54.553,192.175
1034,19.893,75.666
1035,28.499,99.291
1036,33.319,121.885
1037,50.035,167.422
1038,18.43,72.257
1039,38.597,137.724
1040,31.165,103.314
1041,20.843,67.547
1042,58.014,194.654
1043,9.966,35.128
1044,23.865,96.133
1045,43.845,165.198
1046,11.676,44.036
1047,30.867,114.701
1048,19.451,72.229
1049,3.83,23.397
1050,10.223,39.884
1051,16.72,74.809
1052,4.432,33.814
1053,14.987,53.161
1054,18.427,86.288
1055,37.496,110.262
1056,47.678,182.833
1057,11.983,53.118
1058,45.078,171.212
1059,45.108,164.148
1060,29.383,102.61
1061,40.598,138.613
1062,42.492,145.673
1063,59.056,210.557
1064,31.017,110.868
1065,29.8,116.713
1066,45.031,174.126
1067,40.478,130.005
1068,56.421,191.548
1069,18.323,67.39
1070,24.492,95.492
1071,28.032,89.643
1072,50.336,181.174
1073,39.266,146.1
1074,25.322,81.935
1075,5.126,17.465
1076,14.01,67.582
1077,35.745,123.871
1078,29.42,109.579
1079,35.287,113.099
1080,33.613,125.217
1081,10.494,35.568
1082,24.128,83.196
1083,17.588,72.022
1084,44.488,151.733
1085,37.942,136.299
1086,6.524,40.775
1087,8.435,27.171
1088,44.439,150.711
1089,35.991,137.13
1090,20.337,76.658
1091,3.622,35.25
1092,44.514,160.95
1093,58.896,205.959
1094,46.238,179.336
1095,20.65,81.257
1096,33.421,115.982
1097,19.659,70.738
1098,21.308,93.183
1099,57.248,201.128
1100,26.105,97.572
1101,54.914,197.353
1102,23.052,81.534
1103,29.789,99.098
1104,22.561,80.951
1105,28.02,104.614
1106,44.216,154.279
1107,10.432,47.062
1108,42.024,143.426
1109,7.954,18.166
1110,39.781,140.086
1111,36.322,116.731
1112,16.433,67.311
1113,40.956,131.248
1114,53.815,205.56
1115,9.917,48.75
1116,22.69,89.899
1117,59.482,194.577
1118,26.705,102.827
1119,51.124,185.247
1120,41.201,142.097
1121,5.317,40.141
1122,50.159,171.822
1123,34.899,137.133
1124,7.632,32.291
1125,37.005,141.451
1126,48.139,160.529
1127,33.266,129.504
1128,43.146,157.88
1129,23.517,100.706
1130,45.039,145.708
1131,16.692,84.093
1132,19.887,77.998
1133,55.538,179.826
1134,22.45,88.229
1135,28.368,102.837
1136,26.546,98.029
1137,34.503,116.46
1138,20.082,80.42
1139,15.472,62.431
1140,16.359,71.137
1141,17.575,63.723
1142,37.498,130.53
1143,15.151,51.721
1144,11.614,57.362
1145,3.809,20.176
1146,54.225,194.75
1147,13.584,56.432
1148,40.595,140.785
1149,53.359,173.564
1150,54.879,190.087
1151,12.518,36.695
1152,29.366,103.696
1153,28.836,102.801
1154,15.752,64.66
1155,39.653,153.873
1156,11.269,34.722
1157,50.528,185.103
1158,4.001,19.131
1159,29.102,111.208
1160,58.865,215.635
1161,31.979,112.781
1162,8.957,40.313
1163,55.782,189.227
1164,18.288,76.47
1165,54.029,195.382
1166,8.732,35.783
1167,35.081,129.882
1168,11.778,54.125
1169,51.359,180.899
1170,39.21,144.967
1171,57.834,200.407
1172,28.283,97.07
1173,41.259,145.038
1174,23.996,89.204
1175,35.577,122.531
1176,22.287,78.843
1177,4.243,22.955
1178,16.025,64.651
1179,44.212,150.658
1180,56.826,196.341
1181,34.744,103.282
1182,23.532,84.831
1183,42.246,147.839
1184,35.597,128.808
1185,44.061,164.399
1186,12.752,54.064
1187,33.205,123.048
1188,41.643,157.185
1189,43.405,147.915
1190,29.625,108.864
1191,13.122,46.852
1192,43.687,134.568
1193,32.993,116.613
1194,32.333,110.957
1195,9.231,53.379
1196,21.358,89.195
1197,3.845,9.292
1198,40.154,130.494
1199,19.691,89.043
1200,57.962,198.76
1201,16.816,49.792
1202,32.945,108.803
1203,26.488,99.685
1204,21.009,90.222
1205,48.593,185.199
1206,22.678,74.309
1207,22.556,82.504
1208,29.162,110.373
1209,40.529,143.623
1210,18.378,84.839
1211,24.444,87.248
1212,36.146,123.198
1213,20.478,75.349
1214,47.151,162.427
1215,32.127,122.873
1216,59.914,212.27
1217,57.859,203.334
1218,43.478,154.629
1219,44.884,153.481
1220,17.192,56.968
1221,24.172,85.479
1222,21.216,78.773
1223,24.558,94.759
1224,11.336,48.02
1225,15.437,63.786
1226,25.744,98.955
1227,54.295,174.728
1228,27.062,96.357
1229,23.934,96.692
1230,39.678,135.096
1231,48.62,164.763
1232,22.246,74.601
1233,9.283,30.434
1234,5.364,29.842
1235,40.102,144.878
1236,27.091,98.591
1237,11.894,43.543
1238,37.025,122.385
1239,17.909,81.4
1240,8.11,29.126
1241,37.303,129.165
1242,13.697,62.193
1243,38.941,136.151
1244,26.951,109.338
1245,13.085,56.953
1246,2.768,12.452
1247,55.907,182.273
1248,8.458,29.768
1249,31.556,110.226
1250,10.643,41.122
1251,7.711,51.373
1252,23.922,91.961
1253,20.936,78.668
1254,42.671,149.996
1255,4.607,32.118
1256,28.46,107.131
1257,53.721,184.583
1258,21.873,84.942
1259,42.243,140.674
1260,55.331,186.427
1261,33.193,116.867
1262,47.318,157.408
1263,35.232,127.833
1264,12.974,64.981
1265,9.059,62.014
1266,14.043,61.976
1267,13.467,46.19
1268,15.599,55.87
1269,9.363,26.354
1270,51.004,170.426
1271,45.33,148.81
1272,33.436,106.513
1273,50.202,164.4
1274,51.777,165.918
1275,17.872,76.511
1276,24.836,80.189
1277,30.364,122.409
1278,19.329,48.374
1279,49.307,181.88
1280,15.851,71.67
1281,29.117,120.822
1282,44.004,147.43
1283,19.974,81.733
1284,18.846,78.793
1285,46.262,159.271
1286,9.656,51.833
1287,59.265,196.016
1288,40.64,146.289
1289,54.237,205.365
1290,31.686,106.197
1291,55.994,187.436
1292,42.782,152.917
1293,43.866,166.402
1294,4.363,33.148
1295,41.535,133.805
1296,12.732,62.897
1297,20.055,70.284
1298,57.499,185.47
1299,30.996,109.397
1300,57.895,189.605
1301,52.6,176.38
1302,27.992,86.551
1303,36.326,133.89
1304,24.139,87.136
1305,58.529,195.605
1306,36.586,128.871
1307,44.387,157.544
1308,43.967,168.265
1309,7.216,25.745
1310,10.413,56.091
1311,36.634,122.282
1312,28.889,95.89
1313,8.917,39.509
1314,45.493,150.352
1315,35.228,135.016
1316,32.779,116.701
1317,2.171,17.967
1318,56.204,191.571
1319,5.786,34.218
1320,9.788,51.472
1321,57.927,202.044
1322,46.884,169.351
1323,29.743,120.705
1324,22.598,79.852
1325,2.566,13.548
1326,8.707,46.728
1327,13.211,58.872
1328,32.165,105.851
1329,29.857,104.917
1330,31.208,112.308
1331,25.516,102.296
1332,44.619,166.793
1333,6.389,44.642
1334,16.353,64.304
1335,50.009,181.872
1336,28.823,107.824
1337,2.09,21.752
1338,59.632,197.291
1339,21.729,79.679
1340,56.406,193.701
1341,52.427,177.918
1342,25.651,94.417
1343,44.896,153.083
1344,27.772,109.238
1345,44.919,159.883
1346,54.461,181.126
1347,42.207,151.984
1348,14.85,61.675
1349,33.409,134.053
1350,8.498,38.308
1351,58.389,195.409
1352,24.311,87.596
1353,54.128,193.159
1354,44.481,160.176
1355,45.788,153.847
1356,16.069,56.436
1357,55.98,186.427
1358,40.05,152.18
1359,55.858,195.384
1360,36.081,123.415
1361,48.077,165.91
1362,28.829,103.051
1363,59.448,191.871
1364,58.819,205.803
1365,6.593,20.833
1366,49.588,177.589
1367,23.294,103.464
1368,42.122,141.225
1369,54.506,180.643
1370,46.691,156.013
1371,26.893,114.367
1372,9.582,30.441
1373,4.536,28.446
1374,18.138,74.636
1375,57.045,198.829
1376,24.972,83.696
1377,24.925,90.155
1378,23.416,80.675
1379,53.789,185.546
1380,7.253,47.101
1381,7.758,38.799
1382,51.833,176.952
1383,10.899,52.054
1384,16.462,62.532
1385,19.803,80.273
1386,30.528,117.367
1387,7.465,40.992
1388,12.509,50.145
1389,41.326,144.898
1390,32.154,114.684
1391,20.979,81.565
1392,42.77,155.731
1393,19.735,84.505
1394,30.4,113.019
1395,44.627,160.449
1396,33.739,126.692
1397,24.914,84.121
1398,53.189,176.648
1399,46.094,162.703
1400,17.109,62.875
1401,47.644,163.943
1402,19.854,76.942
1403,31.052,104.633
1404,50.801,177.999
1405,3.032,18.477
1406,17.768,75.007
1407,8.055,38.364
1408,43.494,151.653
1409,3.552,23.008
1410,8.534,45.004
1411,37.547,134.075
1412,43.681,150.592
1413,11.106,49.677
1414,36.515,140.551
1415,54.382,189.942
1416,55.238,183.739
1417,48.109,158.358
1418,32.883,118.482
1419,4.978,20.415
1420,6.713,41.749
1421,48.306,166.403
1422,18.663,62.003
1423,47.403,173.267
1424,44.036,143.495
1425,31.724,117.784
1426,43.596,157.408
1427,35.923,121.103
1428,4.713,29.432
1429,27.595,102.19
1430,34.275,129.225
1431,46.739,167.095
1432,25.599,90.427
1433,29.57,109.312
1434,44.276,154.573
1435,29.937,100.65
1436,56.23,200.631
1437,36.567,122.685
1438,30.753,112.06
1439,9.528,38.557
1440,12.568,50.483
1441,42.57,140.776
1442,50.312,182.779
1443,53.971,191.002
1444,49.947,176.427
1445,7.515,39.186
1446,51.685,178.352
1447,18.158,69.779
1448,25.133,92.958
1449,48.718,163.051
1450,8.322,34.374
1451,27.155,95.428
1452,17.341,65.226
1453,40.568,129.137
1454,36.003,136.336
1455,41.109,154.595
1456,36.663,129.451
1457,5.43,35.703
1458,11.438,49.817
1459,9.417,43.209
1460,54.69,174.896
1461,6.41,35.656
1462,54.074,185.611
1463,28.953,106.313
1464,42.193,140.497
1465,28.073,112.839
1466,19.983,67.661
1467,30.27,101.414
1468,8.591,37.993
1469,33.389,119.291
1470,17.686,62.028
1471,36.391,143.124
1472,13.97,62.134
1473,24.922,90.229
1474,48.406,162.886
1475,19.319,70.395
1476,8.821,30.688
1477,23.163,82.849
1478,12.845,41.588
1479,21.298,82.762
1480,17.752,74.307
1481,39.498,140.019
1482,15.342,57.765
1483,46.344,165.939
1484,46.919,168.941
1485,5.002,29.957
1486,38.298,146.723
1487,3.994,36.214
1488,33.66,118.314
1489,39.436,126.474
1490,45.143,149.038
1491,36.25,128.592
1492,26.938,108.311
1493,44.9,168.576
1494,57.665,185.949
1495,24.397,102.872
1496,50.645,189.261
1497,2.692,19.15
1498,43.97,150.996
1499,41.286,128.265
1500,12.812,54.065
1501,16.673,77.209
1502,16.539,70.801
1503,45.952,164.833
1504,30.904,113.187
1505,42.006,165.923
1506,30.26,111.558
1507,47.427,176.639
1508,52.47,167.942
1509,7.847,45.888
1510,52.019,195.755
1511,43.754,154.256
1512,46.219,164.327
1513,6.298,37.144
1514,55.708,187.316
1515,7.455,29.332
1516,9.679,43.766
1517,40.407,166.426
1518,39.494,134.958
1519,49.169,171.515
1520,43.346,149.042
1521,11.267,56.515
1522,59.446,208.15
1523,12.165,38.846
1524,11.538,50.289
1525,12.611,61.95
1526,49.344,171.437
1527,50.42,190.522
1528,45.678,152.887
1529,47.341,154.376
1530,7.485,28.124
1531,4.256,8.892
1532,49.46,158.28
1533,3.598,6.033
1534,58.786,203.235
1535,15.265,67.067
1536,30.834,110.127
1537,16.321,63.543
1538,19.8,67.858
1539,16.009,67.29
1540,32.551,114.441
1541,57.541,182.6
1542,39.271,130.869
1543,8.916,40.394
1544,42.352,152.534
1545,22.65,78.957
1546,21.212,95.956
1547,37.655,141.684
1548,40.394,150.948
1549,49.637,170.13
1550,26.306,96.944
1551,6.252,35.595
1552,2.943,35.254
1553,26.308,105.162
1554,3.084,31.925
1555,58.813,204.331
1556,21.691,81.091
1557,18.302,73.337
1558,42.733,142.908
1559,37.111,134.221
1560,32.049,121.263
1561,26.122,83.92
1562,58.818,206.42
1563,53.514,188.441
1564,40.294,138.308
1565,22.724,92.297
1566,41.394,159.197
1567,34.252,138.135
1568,5.713,18.528
1569,24.023,83.316
1570,19.007,60.48
1571,53.443,184.924
1572,49.665,171.206
1573,18.201,83.765
1574,27.083,100.866
1575,30.622,116.45
1576,40.546,145.815
1577,56.571,184.479
1578,58.294,201.135
1579,7.322,38.429
1580,24.179,82.545
1581,8.726,44.784
1582,24.265,93.411
1583,4.552,21.782
1584,31.954,101.991
1585,22.506,96.508
1586,21.819,93.63
1587,35.687,118.847
1588,24.41,88.858
1589,54.476,183.565
1590,38.976,138.027
1591,51.753,159.001
1592,30.096,105.493
1593,42.698,159.212
1594,34.478,140.157
1595,5.274,41.448
1596,36.585,137.008
1597,45.022,162.638
1598,13.465,81.129
1599,6.756,31.372
1600,47.147,163.51
1601,24.752,94.143
1602,22.162,85.53
1603,49.95,172.312
1604,50.464,180.876
1605,33.219,93.951
1606,37.148,137.949
1607,2.379,12.524
1608,20.85,74.707
1609,25.408,82.068
1610,19.701,73.968
1611,20.836,75.866
1612,8.282,41.058
1613,7.745,44.4
1614,29.528,94.047
1615,58.778,196.22
1616,41.895,161.848
1617,50.496,175.097
1618,27.516,115.507
1619,51.105,189.058
1620,34.734,124.977
1621,38.206,148.377
1622,14.753,54.259
1623,56.082,206.496
1624,17.701,76.583
1625,41.718,152.893
1626,24.117,98.465
1627,18.216,68.022
1628,19.595,78.092
1629,23.784,90.592
1630,29.612,111.228
1631,22.202,85.149
1632,4.44,20.253
1633,41.238,142.087
1634,58.705,190.508
1635,50.991,175.05
1636,21.49,80.78
1637,45.355,152.444
1638,50.375,155.55
1639,25.724,112.94
1640,26.99,95.84
1641,42.433,146.455
1642,30.935,104.625
1643,51.204,175.947
1644,24.971,93.064
1645,20.411,88.171
1646,57.157,179.436
1647,45.248,141.869
1648,53.244,173.535
1649,8.343,33.506
1650,10.629,41.43
1651,18.089,82.416
1652,44.904,153.774
1653,44.484,144.478
1654,27.996,86.373
1655,28.04,109.275
1656,18.205,75.98
1657,2.336,28.89
1658,55.722,196.436
1659,33.499,120.729
1660,2.897,26.725
1661,36.649,123.898
1662,45.331,160.661
1663,43.874,156.858
1664,21.41,79.407
1665,15.489,63.852
1666,57.463,195.865
1667,18.278,71.948
1668,35.509,132.53
1669,11.764,50.656
1670,58.528,196.673
1671,14.173,68.743
1672,7.243,37.314
1673,27.536,93.261
1674,40.95,141.311
1675,56.933,204.822
1676,21.526,78.568
1677,9.984,60.067
1678,45.915,156.248
1679,26.603,103.566
1680,22.996,84.068
1681,24.097,92.961
1682,32.79,128.097
1683,42.285,126.257
1684,41.412,163.416
1685,57.799,206.519
1686,46.703,166.578
1687,34.25,131.311
1688,6.84,33.075
1689,42.778,138.626
1690,29.464,108.322
1691,22.781,71.636
1692,22.579,85.266
1693,42.598,136.78
1694,17.211,70.647
1695,3.747,19.312
1696,15.483,54.785
1697,54.749,195.984
1698,53.869,189.485
1699,36.474,134.255
1700,7.3,39.972
1701,41.198,147.355
1702,32.055,113.345
1703,57.771,192.896
1704,4.216,29.011
1705,38.826,140.899
1706,3.564,19.603
1707,4.219,25.733
1708,36.199,136.388
1709,38.078,123.441
1710,32.104,120.284
1711,59.672,193.889
1712,56.299,182.7
1713,6.293,11.232
1714,47.242,154.978
1715,9.102,41.686
1716,20.459,59.287
1717,29.262,106.186
1718,21.185,67.802
1719,46.207,158.045
1720,14.97,49.106
1721,24.206,93.026
1722,8.134,29.228
1723,49.01,186.692
1724,8.61,52.968
1725,27.039,98.819
1726,41.325,145.97
1727,54.203,184.618
1728,25.816,96.417
1729,14.426,61.57
1730,52.757,188.353
1731,20.511,85.824
1732,19.76,72.517
1733,8.375,38.868
1734,12.224,47.128
1735,41.106,139.736
1736,12.274,51.309
1737,49.405,161.888
1738,9.914,36.744
1739,45.698,146.253
1740,17.824,61.668
1741,21.086,94.897
1742,38.733,143.147
1743,48.861,171.938
1744,19.118,82.725
1745,10.336,44.09
1746,34.104,117.137
1747,2.029,15.087
1748,45.104,152.175
1749,58.704,208.649
1750,32.219,104.481
1751,43.443,152.451
1752,22.605,91.848
1753,39.248,141.184
1754,45.409,148.022
1755,52.829,184.441
1756,57.862,192.953
1757,38.673,141.482
1758,16.234,59.393
1759,44.43,155.464
1760,50.19,183.993
1761,46.319,164.171
1762,55.362,173.873
1763,48.438,178.593
1764,39.225,133.598
1765,30.124,111.462
1766,33.295,117.853
1767,35.383,131.779
1768,15.843,69.809
1769,3.95,24.926
1770,50.599,175.285
1771,14.912,57.648
1772,25.544,89.912
1773,19.218,79.795
1774,52.304,172.487
1775,33.235,105.505
1776,51.321,185.078
1777,55.982,186.446
1778,7.515,48.25
1779,20.242,70.489
1780,52.207,176.271
1781,10.957,42.549
1782,31.887,119.482
1783,9.455,36.906
1784,13.581,50.253
1785,59.154,203.04
1786,41.251,147.144
1787,9.389,42.635
1788,26.36,101.082
1789,53.671,180.064
1790,21.586,89.299
1791,8.6,43.013
1792,48.812,174.34
1793,33.668,114.714
1794,4.929,24.914
1795,54.593,201.076
1796,6.14,36.626
1797,44.751,154.144
1798,35.89,126.754
1799,21.167,75.003
1800,57.866,208.948
1801,18.78,81.577
1802,55.396,184.915
1803,28.053,96.215
1804,58.92,198.373
1805,58.133,203.471
1806,58.485,199.999
1807,16.636,62.113
1808,5.995,34.409
1809,34.924,123.614
1810,13.675,50.073
1811,30.612,116.291
1812,59.789,201.319
1813,15.079,61.537
1814,13.942,52.508
1815,53.591,181.735
1816,4.113,15.692
1817,19.075,71.432
1818,18.621,57.95
1819,32.755,100.965
1820,15.585,63.946
1821,20.688,84.312
1822,25.738,119.776
1823,6.959,28.564
1824,53.466,194.711
1825,18.225,79.845
1826,47.265,176.603
1827,57.5,193.44
1828,43.611,152.265
1829,32.911,110.089
1830,35.091,116.029
1831,52.457,179.647
1832,46.343,165.81
1833,21.433,80.364
1834,29.828,130.581
1835,2.427,19.225
1836,34.658,125.079
1837,27.574,107.102
1838,20.698,85.456
1839,12.974,47.54
1840,31.425,113.381
1841,21.58,69.919
1842,5.433,34.966
1843,19.353,65.009
1844,34.51,117.743
1845,4.782,27.37
1846,49.047,160.578
1847,53.101,197.805
1848,59.535,201.66
1849,23.424,79.641
1850,34.559,134.037
1851,54.721,182.256
1852,53.788,199.249
1853,43.068,145.842
1854,48.794,163.181
1855,53.279,182.924
1856,38.455,137.965
1857,9.055,53.48
1858,47.389,160.171
1859,9.734,37.192
1860,38.867,137.465
1861,58.65,203.852
1862,24.772,90.199
1863,4.023,32.672
1864,41.038,137.275
1865,6.648,37.523
1866,54.108,176.235
1867,26.723,89.494
1868,5.576,38.673
1869,23.273,82.506
1870,17.945,68.702
1871,34.071,133.163
1872,23.018,100.979
1873,54.654,204.756
1874,59.99,203.817
1875,18.609,68.903
1876,44.589,157.144
1877,40.886,139.295
1878,11.256,50.042
1879,40.695,152.005
1880,41.709,139.169
1881,28.725,112.615
1882,15.906,55.843
1883,49.409,161.021
1884,8.934,56.449
1885,25.839,103.19
1886,10.315,66.086
1887,43.479,151.731
1888,44.595,148.38
1889,33.679,126.096
1890,44.897,159.236
1891,17.159,72.142
1892,29.388,92.948
1893,33.672,128.344
1894,25.611,77.874
1895,40.193,134.592
1896,11.661,49.185
1897,58.977,194.323
1898,15.125,42.037
1899,50.37,167.535
1900,4.108,21.849
1901,4.866,29.793
1902,37.834,128.256
1903,5.876,29.309
1904,10.409,48.458
1905,31.494,110.81
1906,51.357,182.501
1907,4.632,31.84
1908,13.452,44.499
1909,56.271,186.019
1910,24.272,84.53
1911,11.449,44.603
1912,23.83,86.101
1913,11.845,54.653
1914,59.751,189.808
1915,12.395,47.128
1916,46.848,161.108
1917,43.516,139.285
1918,11.999,64.045
1919,8.024,45.287
1920,17.876,83.71
1921,25.081,118.029
1922,39.521,141.669
1923,7.189,38.106
1924,23.978,109.355
1925,30.412,117.66
1926,36.163,122.614
1927,41.599,150.4
1928,27.859,90.565
1929,30.634,116.083
1930,43.816,149.438
1931,47.149,165.665
1932,55.25,191.739
1933,51.346,188.312
1934,29.159,112.562
1935,3.78,23.922
1936,19.731,69.191
1937,35.416,132.479
1938,17.694,54.268
1939,26.031,82.872
1940,47.454,163.377
1941,8.755,34.149
1942,51.508,163.814
1943,51.604,179.933
1944,23.313,89.703
1945,10.685,45.619
1946,25.868,99.191
1947,11.013,52.131
1948,34.047,128.247
1949,58.913,192.627
1950,11.132,45.329
1951,15.268,57.972
1952,26.716,104.904
1953,15.549,73.838
1954,46.355,151.582
1955,6.923,22.314
1956,36.737,129.872
1957,56.187,183.575
1958,11.886,40.88
1959,22.494,81.168
1960,24.016,81.67
1961,43.512,130.198
1962,43.695,158.757
1963,43.527,143.949
1964,59.778,209.94
1965,6.243,46.171
1966,23.109,86.206
1967,34.648,126.842
1968,20.495,86.492
1969,59.913,200.743
1970,2.576,16.15
1971,47.574,156.337
1972,33.537,122.158
1973,17.83,67.92
1974,11.832,53.257
1975,44.052,163.858
1976,34.062,132.755
1977,44.947,157.203
1978,34.712,118.872
1979,30.803,119.668
1980,30.565,97.799
1981,3.388,12.414
1982,23.823,86.35
1983,39.708,143.396
1984,57.029,203.589
1985,49.751,179.739
1986,49.626,171.086
1987,12.47,56.313
1988,19.406,76.282
1989,52.746,176.514
1990,8.772,44.392
1991,43.644,160.324
1992,23.229,91.804
1993,21.763,83.801
1994,35.322,119.777
1995,44.897,163.424
1996,38.566,141.596
1997,47.23,179.135
1998,39.233,147.36
1999,51.701,185.534
2000,55.627,204.295
